sensor_id,temperature,humidity,timestamp
s1,43,41,2025-09-18 10:58:54
s3,35,61,2025-09-18 10:58:55
s2,26,45,2025-09-18 10:58:56
s2,26,41,2025-09-18 10:58:57
s5,25,77,2025-09-18 10:58:58
s4,50,60,2025-09-18 10:58:59
s3,58,59,2025-09-18 10:59:00
s4,20,64,2025-09-18 10:59:01
s5,47,70,2025-09-18 10:59:02
s1,26,82,2025-09-18 10:59:03
s3,35,48,2025-09-18 10:59:04
s1,24,63,2025-09-18 10:59:05
s1,20,60,2025-09-18 10:59:06
s1,41,69,2025-09-18 10:59:07
s3,59,79,2025-09-18 10:59:08
s5,27,53,2025-09-18 10:59:09
s3,52,59,2025-09-18 10:59:10
s1,42,84,2025-09-18 10:59:11
s3,41,49,2025-09-18 10:59:12
s5,19,66,2025-09-18 10:59:13
s4,43,58,2025-09-18 10:59:14
s1,55,64,2025-09-18 10:59:15
s3,22,68,2025-09-18 10:59:16
s5,42,36,2025-09-18 10:59:17
s5,35,76,2025-09-18 10:59:18
s4,33,35,2025-09-18 10:59:19
s4,60,50,2025-09-18 10:59:20
s1,51,40,2025-09-18 10:59:21
s3,31,68,2025-09-18 10:59:22
s1,20,41,2025-09-18 10:59:23
s4,32,70,2025-09-18 10:59:24
s2,44,78,2025-09-18 10:59:25
s5,21,57,2025-09-18 10:59:26
s5,26,62,2025-09-18 10:59:27
s1,33,81,2025-09-18 10:59:28
s2,37,66,2025-09-18 10:59:29
s1,58,53,2025-09-18 10:59:30
s3,26,53,2025-09-18 10:59:31
s1,57,59,2025-09-18 10:59:32
s5,56,53,2025-09-18 10:59:33
s3,55,54,2025-09-18 10:59:35
s2,60,81,2025-09-18 10:59:36
s3,19,67,2025-09-18 10:59:37
s5,29,65,2025-09-18 10:59:38
s5,38,72,2025-09-18 10:59:39
s3,54,44,2025-09-18 10:59:40
s2,28,43,2025-09-18 10:59:41
s4,25,78,2025-09-18 10:59:42
s3,30,81,2025-09-18 10:59:43
s5,37,66,2025-09-18 10:59:44
s2,48,76,2025-09-18 10:59:45
s2,40,38,2025-09-18 10:59:46
s2,45,37,2025-09-18 10:59:47
s3,54,36,2025-09-18 10:59:48
s5,58,85,2025-09-18 10:59:49
s1,31,50,2025-09-18 10:59:50
s2,37,82,2025-09-18 10:59:51
s2,42,79,2025-09-18 10:59:52
s3,35,80,2025-09-18 10:59:53
s2,23,64,2025-09-18 10:59:54
s1,36,67,2025-09-18 10:59:55
s3,35,77,2025-09-18 10:59:56
s5,51,81,2025-09-18 10:59:57
s3,41,67,2025-09-18 10:59:58
s1,24,37,2025-09-18 10:59:59
s3,59,61,2025-09-18 11:00:00
s4,54,72,2025-09-18 11:00:01
s4,59,46,2025-09-18 11:00:02
s4,56,39,2025-09-18 11:00:03
s3,55,36,2025-09-18 11:00:04
s2,52,79,2025-09-18 11:00:05
s3,49,51,2025-09-18 11:00:06
s5,25,64,2025-09-18 11:00:07
s1,24,50,2025-09-18 11:00:08
s1,31,54,2025-09-18 11:00:09
s3,29,39,2025-09-18 11:00:10
s4,43,35,2025-09-18 11:00:11
s5,46,74,2025-09-18 11:00:12
s1,58,48,2025-09-18 11:00:13
s3,27,53,2025-09-18 11:00:14
s1,34,74,2025-09-18 11:00:15
s1,25,47,2025-09-18 11:00:16
s3,50,76,2025-09-18 11:00:17
s1,30,63,2025-09-18 11:00:18
s2,25,51,2025-09-18 11:00:19
s2,56,47,2025-09-18 11:00:20
s5,48,51,2025-09-18 11:00:21
s5,35,47,2025-09-18 11:00:22
s1,59,58,2025-09-18 11:00:23
s5,59,69,2025-09-18 11:00:24
s3,33,36,2025-09-18 11:00:25
s3,60,67,2025-09-18 11:00:26
s4,28,63,2025-09-18 11:00:27
s5,57,43,2025-09-18 11:00:28
s1,32,49,2025-09-18 11:00:29
s3,53,75,2025-09-18 11:00:30
s3,33,85,2025-09-18 11:00:31
s3,30,65,2025-09-18 11:00:32
s4,56,52,2025-09-18 11:00:33
s3,24,41,2025-09-18 11:00:34
s2,40,49,2025-09-18 11:00:35
s3,18,77,2025-09-18 11:00:36
s2,53,77,2025-09-18 11:00:37
s1,18,83,2025-09-18 11:00:38
s4,38,51,2025-09-18 11:00:39
s4,50,60,2025-09-18 11:00:40
s5,46,35,2025-09-18 11:00:41
s1,32,49,2025-09-18 11:00:42
s2,51,58,2025-09-18 11:00:43
s5,51,37,2025-09-18 11:00:44
s2,18,75,2025-09-18 11:00:45
s4,53,41,2025-09-18 11:00:46
s2,43,43,2025-09-18 11:00:47
s2,47,36,2025-09-18 11:00:48
s5,40,84,2025-09-18 11:00:49
s2,55,49,2025-09-18 11:00:50
s1,36,68,2025-09-18 11:00:51
s5,26,58,2025-09-18 11:00:52
s2,19,63,2025-09-18 11:00:53
s2,38,48,2025-09-18 11:00:54
s4,39,49,2025-09-18 11:00:55
s2,50,51,2025-09-18 11:00:56
s1,35,50,2025-09-18 11:00:57
s5,58,52,2025-09-18 11:00:58
s2,54,44,2025-09-18 11:00:59
s3,56,39,2025-09-18 11:01:00
s4,21,69,2025-09-18 11:01:01
s2,55,70,2025-09-18 11:01:02
s3,44,41,2025-09-18 11:01:03
s5,36,39,2025-09-18 11:01:04
s2,28,68,2025-09-18 11:01:05
s2,59,78,2025-09-18 11:01:06
s2,24,42,2025-09-18 11:01:07
s2,21,79,2025-09-18 11:01:08
s4,32,53,2025-09-18 11:01:09
s3,39,83,2025-09-18 11:01:10
s4,43,53,2025-09-18 11:01:11
s5,45,56,2025-09-18 11:01:12
s5,52,79,2025-09-18 11:01:13
s1,18,53,2025-09-18 11:01:14
s1,30,53,2025-09-18 11:01:15
s4,39,51,2025-09-18 11:01:16
s4,51,45,2025-09-18 11:01:17
s2,22,46,2025-09-18 11:01:18
s2,32,62,2025-09-18 11:01:19
s5,55,62,2025-09-18 11:01:20
s3,39,41,2025-09-18 11:01:21
s2,42,41,2025-09-18 11:01:22
s2,18,54,2025-09-18 11:01:23
s4,53,39,2025-09-18 11:01:24
s5,57,77,2025-09-18 11:01:25
s2,29,79,2025-09-18 11:01:26
s1,33,62,2025-09-18 11:01:27
s2,55,68,2025-09-18 11:01:28
s2,54,60,2025-09-18 11:01:29
s2,58,54,2025-09-18 11:01:30
s3,29,67,2025-09-18 11:01:31
s1,60,68,2025-09-18 11:01:32
s5,43,78,2025-09-18 11:01:33
s3,57,35,2025-09-18 11:01:34
s2,26,51,2025-09-18 11:01:36
s4,39,67,2025-09-18 11:01:37
s5,24,74,2025-09-18 11:01:38
s1,51,54,2025-09-18 11:01:39
s4,46,52,2025-09-18 11:01:40
s1,30,57,2025-09-18 11:01:41
s4,44,73,2025-09-18 11:01:42
s5,51,73,2025-09-18 11:01:43
s5,54,48,2025-09-18 11:01:44
s4,29,60,2025-09-18 11:01:45
s4,29,69,2025-09-18 11:01:46
s2,53,64,2025-09-18 11:01:47
s2,58,79,2025-09-18 11:01:48
s2,43,71,2025-09-18 11:01:49
s3,52,62,2025-09-18 11:01:50
s3,24,60,2025-09-18 11:01:51
s3,39,54,2025-09-18 11:01:52
s1,22,41,2025-09-18 11:01:53
s5,48,80,2025-09-18 11:01:54
s5,30,51,2025-09-18 11:01:55
s2,54,77,2025-09-18 11:01:56
s5,42,53,2025-09-18 11:01:57
s5,51,64,2025-09-18 11:01:58
s3,51,43,2025-09-18 11:01:59
s4,36,66,2025-09-18 11:02:00
s2,50,50,2025-09-18 11:02:01
s3,33,60,2025-09-18 11:02:02
s3,46,53,2025-09-18 11:02:03
s1,48,72,2025-09-18 11:02:04
s5,36,71,2025-09-18 11:02:05
s3,50,80,2025-09-18 11:02:06
s5,30,48,2025-09-18 11:02:07
s5,33,43,2025-09-18 11:02:08
s1,23,49,2025-09-18 11:02:09
s3,25,42,2025-09-18 11:02:10
s3,57,69,2025-09-18 11:02:11
s2,31,75,2025-09-18 11:02:12
s2,23,53,2025-09-18 11:02:13
s3,55,45,2025-09-18 11:02:14
s1,41,35,2025-09-18 11:02:15
s3,29,67,2025-09-18 11:02:16
s4,51,55,2025-09-18 11:02:17
s3,54,48,2025-09-18 11:02:18
s5,57,73,2025-09-18 11:02:19
s3,40,58,2025-09-18 11:02:20
s3,60,76,2025-09-18 11:02:21
s4,22,44,2025-09-18 11:02:22
s5,59,50,2025-09-18 11:02:23
s5,31,78,2025-09-18 11:02:24
s2,58,52,2025-09-18 11:02:25
s1,46,70,2025-09-18 11:02:26
s4,52,79,2025-09-18 11:02:27
s3,29,85,2025-09-18 11:02:28
s5,42,69,2025-09-18 11:02:29
s3,42,67,2025-09-18 11:02:30
s5,46,58,2025-09-18 11:02:31
s2,19,47,2025-09-18 11:02:32
s1,36,52,2025-09-18 11:02:33
s5,55,36,2025-09-18 11:02:34
s1,35,64,2025-09-18 11:02:35
s2,50,44,2025-09-18 11:02:36
s3,21,84,2025-09-18 11:02:37
s2,38,44,2025-09-18 11:02:38
s3,29,45,2025-09-18 11:02:39
s1,54,85,2025-09-18 11:02:40
s3,44,45,2025-09-18 11:02:41
s4,18,65,2025-09-18 11:02:42
s5,59,68,2025-09-18 11:02:43
s4,23,85,2025-09-18 11:02:44
s2,45,74,2025-09-18 11:02:45
s1,42,79,2025-09-18 11:02:46
s4,35,40,2025-09-18 11:02:47
s4,47,43,2025-09-18 11:02:48
s2,27,36,2025-09-18 11:02:49
s2,37,57,2025-09-18 11:02:50
s2,19,71,2025-09-18 11:02:51
s2,19,43,2025-09-18 11:02:52
s5,35,44,2025-09-18 11:02:53
s3,44,56,2025-09-18 11:02:54
s3,46,63,2025-09-18 11:02:55
s2,52,59,2025-09-18 11:02:56
s1,25,66,2025-09-18 11:02:57
s3,30,83,2025-09-18 11:02:58
s3,40,49,2025-09-18 11:02:59
s5,35,62,2025-09-18 11:03:00
s2,27,52,2025-09-18 11:03:01
s1,42,62,2025-09-18 11:03:02
s2,40,60,2025-09-18 11:03:03
s5,22,38,2025-09-18 11:03:04
s4,38,63,2025-09-18 11:03:05
s1,24,51,2025-09-18 11:03:06
s5,18,79,2025-09-18 11:03:07
s1,50,51,2025-09-18 11:03:08
s1,30,56,2025-09-18 11:03:09
s3,58,70,2025-09-18 11:03:10
s5,21,79,2025-09-18 11:03:11
s1,37,67,2025-09-18 11:03:12
s4,48,79,2025-09-18 11:03:13
s4,23,52,2025-09-18 11:03:14
s5,50,55,2025-09-18 11:03:15
s5,31,43,2025-09-18 11:03:16
s1,42,57,2025-09-18 11:03:17
s1,35,56,2025-09-18 11:03:18
s3,30,52,2025-09-18 11:03:19
s1,25,60,2025-09-18 11:03:20
s3,56,60,2025-09-18 11:03:21
s3,42,81,2025-09-18 11:03:22
s3,47,58,2025-09-18 11:03:23
s5,48,61,2025-09-18 11:03:24
s3,40,71,2025-09-18 11:03:25
s4,24,49,2025-09-18 11:03:26
s1,45,64,2025-09-18 11:03:27
s1,24,59,2025-09-18 11:03:28
s1,59,76,2025-09-18 11:03:29
s1,54,58,2025-09-18 11:03:30
s5,31,84,2025-09-18 11:03:31
s3,51,73,2025-09-18 11:03:32
s3,50,63,2025-09-18 11:03:33
s4,33,66,2025-09-18 11:03:34
s4,20,45,2025-09-18 11:03:35
s1,49,75,2025-09-18 11:03:37
s1,27,68,2025-09-18 11:03:38
s3,60,55,2025-09-18 11:03:39
s5,27,70,2025-09-18 11:03:40
s3,21,82,2025-09-18 11:03:41
s5,18,81,2025-09-18 11:03:42
s3,36,48,2025-09-18 11:03:43
s1,20,81,2025-09-18 11:03:44
s4,29,41,2025-09-18 11:03:45
s4,43,44,2025-09-18 11:03:46
s2,46,69,2025-09-18 11:03:47
s5,55,61,2025-09-18 11:03:48
s3,32,39,2025-09-18 11:03:49
s4,52,66,2025-09-18 11:03:50
s5,44,81,2025-09-18 11:03:51
s1,32,55,2025-09-18 11:03:52
s2,57,84,2025-09-18 11:03:53
s3,45,56,2025-09-18 11:03:54
s5,35,81,2025-09-18 11:03:55
s4,40,70,2025-09-18 11:03:56
s2,32,63,2025-09-18 11:03:57
s1,37,67,2025-09-18 11:03:58
s3,56,52,2025-09-18 11:03:59
s3,21,56,2025-09-18 11:04:00
s4,21,74,2025-09-18 11:04:01
s5,37,68,2025-09-18 11:04:02
s2,30,51,2025-09-18 11:04:03
s3,53,73,2025-09-18 11:04:04
s2,54,66,2025-09-18 11:04:05
s1,20,43,2025-09-18 11:04:06
s5,44,53,2025-09-18 11:04:07
s5,20,85,2025-09-18 11:04:08
s4,52,53,2025-09-18 11:04:09
s5,18,56,2025-09-18 11:04:10
s2,27,36,2025-09-18 11:04:11
s1,51,66,2025-09-18 11:04:12
s3,35,48,2025-09-18 11:04:13
s2,50,67,2025-09-18 11:04:14
s3,35,63,2025-09-18 11:04:15
s1,35,81,2025-09-18 11:04:16
s2,50,57,2025-09-18 11:04:17
s4,31,72,2025-09-18 11:04:18
s2,27,77,2025-09-18 11:04:19
s1,32,78,2025-09-18 11:04:20
s1,58,80,2025-09-18 11:04:21
s3,53,55,2025-09-18 11:04:22
s4,29,84,2025-09-18 11:04:23
s3,55,73,2025-09-18 11:04:24
s5,60,45,2025-09-18 11:04:25
s3,18,42,2025-09-18 11:04:26
s5,40,81,2025-09-18 11:04:27
s5,33,44,2025-09-18 11:04:28
s1,25,50,2025-09-18 11:04:29
s2,60,43,2025-09-18 11:04:30
s5,47,71,2025-09-18 11:04:31
s5,52,80,2025-09-18 11:04:32
s1,27,56,2025-09-18 11:04:33
s2,26,68,2025-09-18 11:04:34
s1,32,63,2025-09-18 11:04:35
s2,55,61,2025-09-18 11:04:36
s1,55,55,2025-09-18 11:04:37
s3,40,76,2025-09-18 11:04:38
s3,18,81,2025-09-18 11:04:39
s2,38,77,2025-09-18 11:04:40
s2,20,55,2025-09-18 11:04:41
s3,37,55,2025-09-18 11:04:42
s5,54,83,2025-09-18 11:04:43
s2,45,54,2025-09-18 11:04:44
s5,46,59,2025-09-18 11:04:45
s4,44,78,2025-09-18 11:04:46
s2,38,65,2025-09-18 11:04:47
s1,29,72,2025-09-18 11:04:48
s3,34,53,2025-09-18 11:04:49
s3,46,42,2025-09-18 11:04:50
s3,48,46,2025-09-18 11:04:51
s3,55,74,2025-09-18 11:04:52
s5,51,50,2025-09-18 11:04:53
s5,19,65,2025-09-18 11:04:54
s2,36,73,2025-09-18 11:04:55
s1,48,56,2025-09-18 11:04:56
s3,48,45,2025-09-18 11:04:57
s1,39,52,2025-09-18 11:04:58
s1,30,51,2025-09-18 11:04:59
s4,60,37,2025-09-18 11:05:00
s5,25,50,2025-09-18 11:05:01
s2,53,57,2025-09-18 11:05:02
s2,40,64,2025-09-18 11:05:03
s3,38,84,2025-09-18 11:05:04
s2,31,42,2025-09-18 11:05:05
s4,21,44,2025-09-18 11:05:06
s1,47,67,2025-09-18 11:05:07
s3,44,43,2025-09-18 11:05:08
s5,22,52,2025-09-18 11:05:09
s5,40,65,2025-09-18 11:05:10
s3,54,41,2025-09-18 11:05:11
s1,28,64,2025-09-18 11:05:12
s2,40,60,2025-09-18 11:05:13
s2,23,55,2025-09-18 11:05:14
s3,54,70,2025-09-18 11:05:15
s4,21,64,2025-09-18 11:05:16
s4,29,46,2025-09-18 11:05:17
s1,47,53,2025-09-18 11:05:18
s4,21,84,2025-09-18 11:05:19
s5,27,58,2025-09-18 11:05:20
s5,21,85,2025-09-18 11:05:21
s5,32,39,2025-09-18 11:05:22
s5,22,68,2025-09-18 11:05:23
s3,35,37,2025-09-18 11:05:24
s4,19,43,2025-09-18 11:05:25
s3,50,62,2025-09-18 11:05:26
s4,58,48,2025-09-18 11:05:27
s5,34,40,2025-09-18 11:05:29
s1,55,64,2025-09-18 11:05:30
s4,55,83,2025-09-18 11:05:31
s3,23,83,2025-09-18 11:05:32
s3,48,38,2025-09-18 11:05:33
s3,53,47,2025-09-18 11:05:34
s3,30,51,2025-09-18 11:05:35
s4,55,65,2025-09-18 11:05:36
s3,32,51,2025-09-18 11:05:37
s5,60,82,2025-09-18 11:05:38
s2,24,62,2025-09-18 11:05:39
s1,56,56,2025-09-18 11:05:40
s4,43,57,2025-09-18 11:05:41
s2,43,74,2025-09-18 11:05:42
s2,32,63,2025-09-18 11:05:43
s1,32,69,2025-09-18 11:05:44
s3,46,40,2025-09-18 11:05:45
s2,20,53,2025-09-18 11:05:46
s3,55,46,2025-09-18 11:05:47
s2,19,41,2025-09-18 11:05:48
s1,58,59,2025-09-18 11:05:49
s4,50,62,2025-09-18 11:05:50
s1,47,62,2025-09-18 11:05:51
s2,46,81,2025-09-18 11:05:52
s3,22,71,2025-09-18 11:05:53
s3,43,73,2025-09-18 11:05:54
s1,47,48,2025-09-18 11:05:55
s3,27,69,2025-09-18 11:05:56
s1,46,66,2025-09-18 11:05:57
s3,19,39,2025-09-18 11:05:58
s3,24,49,2025-09-18 11:05:59
s5,59,48,2025-09-18 11:06:00
s2,28,85,2025-09-18 11:06:01
s2,34,67,2025-09-18 11:06:02
s5,25,57,2025-09-18 11:06:03
s1,47,61,2025-09-18 11:06:04
s1,57,69,2025-09-18 11:06:05
s2,46,56,2025-09-18 11:06:06
s4,31,46,2025-09-18 11:06:07
s4,31,79,2025-09-18 11:06:08
s2,38,38,2025-09-18 11:06:09
s4,28,71,2025-09-18 11:06:10
s2,22,81,2025-09-18 11:06:11
s2,35,79,2025-09-18 11:06:12
s3,18,38,2025-09-18 11:06:13
s3,24,73,2025-09-18 11:06:14
s1,47,77,2025-09-18 11:06:15
s4,25,84,2025-09-18 11:06:16
s1,58,52,2025-09-18 11:06:17
s4,28,38,2025-09-18 11:06:18
s4,30,45,2025-09-18 11:06:19
s3,19,80,2025-09-18 11:06:20
s2,45,75,2025-09-18 11:06:21
s3,21,72,2025-09-18 11:06:22
s5,37,84,2025-09-18 11:06:23
s1,24,75,2025-09-18 11:06:24
s1,32,40,2025-09-18 11:06:25
s5,49,75,2025-09-18 11:06:26
s2,27,69,2025-09-18 11:06:27
s4,60,76,2025-09-18 11:06:28
s3,52,81,2025-09-18 11:06:29
s1,28,57,2025-09-18 11:06:30
s2,53,80,2025-09-18 11:06:31
s4,52,35,2025-09-18 11:06:32
s5,45,56,2025-09-18 11:06:33
s2,23,73,2025-09-18 11:06:34
s1,18,65,2025-09-18 11:06:35
s4,22,61,2025-09-18 11:06:36
s3,59,49,2025-09-18 11:06:37
s2,26,55,2025-09-18 11:06:38
s5,27,36,2025-09-18 11:06:39
s5,38,56,2025-09-18 11:06:40
s5,38,63,2025-09-18 11:06:41
s2,23,47,2025-09-18 11:06:42
s1,38,38,2025-09-18 11:06:43
s3,43,52,2025-09-18 11:06:44
s3,57,55,2025-09-18 11:06:45
s4,31,37,2025-09-18 11:06:46
s1,30,84,2025-09-18 11:06:47
s2,31,83,2025-09-18 11:06:48
s2,26,50,2025-09-18 11:06:49
s5,33,79,2025-09-18 11:06:50
s3,46,85,2025-09-18 11:06:51
s5,57,45,2025-09-18 11:06:52
s1,34,38,2025-09-18 11:06:53
s4,27,36,2025-09-18 11:06:54
s3,24,64,2025-09-18 11:06:55
s4,22,63,2025-09-18 11:06:56
s1,31,64,2025-09-18 11:06:57
s4,47,78,2025-09-18 11:06:58
s4,31,64,2025-09-18 11:06:59
s2,40,42,2025-09-18 11:07:00
s2,47,35,2025-09-18 11:07:01
s2,36,66,2025-09-18 11:07:02
s4,40,68,2025-09-18 11:07:03
s3,45,42,2025-09-18 11:07:04
s5,29,73,2025-09-18 11:07:05
s2,40,85,2025-09-18 11:07:06
s3,32,78,2025-09-18 11:07:07
s2,21,76,2025-09-18 11:07:08
s1,26,41,2025-09-18 11:07:09
s2,44,84,2025-09-18 11:07:10
s5,51,51,2025-09-18 11:07:12
s5,28,55,2025-09-18 11:07:13
s4,42,36,2025-09-18 11:07:14
s3,22,37,2025-09-18 11:07:15
s5,46,38,2025-09-18 11:07:16
s5,22,67,2025-09-18 11:07:17
s2,29,73,2025-09-18 11:07:18
s2,37,65,2025-09-18 11:07:19
s1,24,78,2025-09-18 11:07:20
s1,33,42,2025-09-18 11:07:21
s3,38,75,2025-09-18 11:07:22
s2,24,43,2025-09-18 11:07:23
s3,59,68,2025-09-18 11:07:24
s4,45,51,2025-09-18 11:07:25
s4,41,52,2025-09-18 11:07:26
s3,53,84,2025-09-18 11:07:27
s5,56,66,2025-09-18 11:07:28
s1,58,79,2025-09-18 11:07:29
s1,57,64,2025-09-18 11:07:30
s4,52,71,2025-09-18 11:07:31
s2,59,39,2025-09-18 11:07:32
s3,46,56,2025-09-18 11:07:33
s4,31,77,2025-09-18 11:07:34
s2,48,47,2025-09-18 11:07:35
s3,19,56,2025-09-18 11:07:36
s3,48,47,2025-09-18 11:07:37
s4,48,80,2025-09-18 11:07:38
s4,52,83,2025-09-18 11:07:39
s3,43,50,2025-09-18 11:07:40
s5,31,64,2025-09-18 11:07:41
s1,32,66,2025-09-18 11:07:42
s1,32,57,2025-09-18 11:07:43
s1,57,67,2025-09-18 11:07:44
s2,60,55,2025-09-18 11:07:45
s1,48,38,2025-09-18 11:07:46
s3,52,84,2025-09-18 11:07:47
s3,58,60,2025-09-18 11:07:48
s4,28,35,2025-09-18 11:07:49
s4,52,72,2025-09-18 11:07:50
s5,46,73,2025-09-18 11:07:51
s1,20,68,2025-09-18 11:07:52
s4,52,38,2025-09-18 11:07:53
s3,30,79,2025-09-18 11:07:54
s5,26,77,2025-09-18 11:07:55
s3,48,43,2025-09-18 11:07:56
s2,25,37,2025-09-18 11:07:57
s4,23,46,2025-09-18 11:07:58
s4,43,45,2025-09-18 11:07:59
s3,47,48,2025-09-18 11:08:00
s4,50,58,2025-09-18 11:08:01
s3,19,63,2025-09-18 11:08:02
s2,26,57,2025-09-18 11:08:03
s3,58,66,2025-09-18 11:08:04
s1,52,75,2025-09-18 11:08:05
s2,46,56,2025-09-18 11:08:06
s1,36,61,2025-09-18 11:08:07
s4,38,59,2025-09-18 11:08:08
s1,43,39,2025-09-18 11:08:09
s2,30,66,2025-09-18 11:08:10
s4,53,49,2025-09-18 11:08:11
s3,22,36,2025-09-18 11:08:12
s4,49,67,2025-09-18 11:08:13
s3,53,76,2025-09-18 11:08:14
s4,18,46,2025-09-18 11:08:15
s1,26,48,2025-09-18 11:08:16
s1,39,78,2025-09-18 11:08:17
s5,38,59,2025-09-18 11:08:18
s4,38,72,2025-09-18 11:08:19
s5,18,49,2025-09-18 11:08:20
s1,33,71,2025-09-18 11:08:21
s2,56,67,2025-09-18 11:08:22
s2,22,49,2025-09-18 11:08:23
s4,33,70,2025-09-18 11:08:24
s1,36,73,2025-09-18 11:08:25
s2,55,51,2025-09-18 11:08:26
s5,54,66,2025-09-18 11:08:27
s3,28,75,2025-09-18 11:08:28
s5,25,35,2025-09-18 11:08:29
s1,30,56,2025-09-18 11:08:30
s4,52,59,2025-09-18 11:08:31
s3,25,43,2025-09-18 11:08:32
s1,18,47,2025-09-18 11:08:33
s1,39,55,2025-09-18 11:08:34
s4,31,49,2025-09-18 11:08:35
s3,28,36,2025-09-18 11:08:36
s4,29,68,2025-09-18 11:08:37
s3,25,45,2025-09-18 11:08:38
s5,46,36,2025-09-18 11:08:39
s3,57,80,2025-09-18 11:08:40
s4,47,72,2025-09-18 11:08:41
s1,49,42,2025-09-18 11:08:42
s3,42,71,2025-09-18 11:08:43
s5,56,62,2025-09-18 11:08:44
s1,28,53,2025-09-18 11:08:45
s1,26,39,2025-09-18 11:08:46
s1,32,53,2025-09-18 11:08:47
s2,58,64,2025-09-18 11:08:48
s5,40,41,2025-09-18 11:08:49
s2,21,46,2025-09-18 11:08:50
s3,56,85,2025-09-18 11:08:51
s1,20,53,2025-09-18 11:08:52
s2,35,83,2025-09-18 11:08:53
s1,40,49,2025-09-18 11:08:54
s5,45,52,2025-09-18 11:08:55
s1,53,78,2025-09-18 11:08:56
s5,41,53,2025-09-18 11:08:57
s3,60,51,2025-09-18 11:08:58
s3,27,62,2025-09-18 11:08:59
s5,21,55,2025-09-18 11:09:00
s2,27,68,2025-09-18 11:09:01
s3,31,48,2025-09-18 11:09:02
s5,51,46,2025-09-18 11:09:03
s4,60,65,2025-09-18 11:09:05
s2,24,50,2025-09-18 11:09:06
s4,59,57,2025-09-18 11:09:07
s3,18,51,2025-09-18 11:09:08
s4,35,74,2025-09-18 11:09:09
s4,40,39,2025-09-18 11:09:10
s2,28,81,2025-09-18 11:09:11
s5,20,83,2025-09-18 11:09:12
s3,24,45,2025-09-18 11:09:13
s1,50,82,2025-09-18 11:09:14
s2,28,47,2025-09-18 11:09:15
s3,18,76,2025-09-18 11:09:16
s2,52,75,2025-09-18 11:09:17
s4,46,62,2025-09-18 11:09:18
s1,42,77,2025-09-18 11:09:19
s4,43,46,2025-09-18 11:09:20
s1,47,85,2025-09-18 11:09:21
s4,53,82,2025-09-18 11:09:22
s2,48,50,2025-09-18 11:09:23
s4,56,45,2025-09-18 11:09:24
s1,27,68,2025-09-18 11:09:25
s5,59,41,2025-09-18 11:09:26
s1,54,63,2025-09-18 11:09:27
s1,34,50,2025-09-18 11:09:28
s5,25,76,2025-09-18 11:09:29
s3,34,40,2025-09-18 11:09:30
s1,26,44,2025-09-18 11:09:31
s1,33,76,2025-09-18 11:09:32
s4,34,85,2025-09-18 11:09:33
s5,27,45,2025-09-18 11:09:34
s5,33,59,2025-09-18 11:09:35
s5,54,76,2025-09-18 11:09:36
s3,52,82,2025-09-18 11:09:37
s5,49,65,2025-09-18 11:09:38
s1,26,80,2025-09-18 11:09:39
s1,18,67,2025-09-18 11:09:40
s2,59,35,2025-09-18 11:09:41
s5,18,85,2025-09-18 11:09:42
s5,18,82,2025-09-18 11:09:43
s3,52,81,2025-09-18 11:09:44
s5,25,68,2025-09-18 11:09:45
s2,21,55,2025-09-18 11:09:46
s3,59,62,2025-09-18 11:09:47
s2,45,69,2025-09-18 11:09:48
s4,57,49,2025-09-18 11:09:49
s2,18,76,2025-09-18 11:09:50
s5,50,70,2025-09-18 11:09:51
s4,47,47,2025-09-18 11:09:52
s2,37,58,2025-09-18 11:09:53
s3,28,49,2025-09-18 11:09:54
s1,60,64,2025-09-18 11:09:55
s1,59,81,2025-09-18 11:09:56
s1,57,42,2025-09-18 11:09:57
s1,56,73,2025-09-18 11:09:58
s3,49,35,2025-09-18 11:09:59
s1,30,42,2025-09-18 11:10:00
s2,55,57,2025-09-18 11:10:01
s2,53,38,2025-09-18 11:10:02
s3,43,59,2025-09-18 11:10:03
s1,38,76,2025-09-18 11:10:04
s3,34,36,2025-09-18 11:10:05
s3,18,38,2025-09-18 11:10:06
s1,23,52,2025-09-18 11:10:07
s3,37,64,2025-09-18 11:10:08
s4,23,71,2025-09-18 11:10:09
s5,18,65,2025-09-18 11:10:10
s2,40,68,2025-09-18 11:10:11
s5,39,81,2025-09-18 11:10:12
s4,47,61,2025-09-18 11:10:13
s3,19,70,2025-09-18 11:10:14
s4,52,78,2025-09-18 11:10:15
s3,36,72,2025-09-18 11:10:16
s2,51,74,2025-09-18 11:10:17
s5,42,72,2025-09-18 11:10:18
s1,49,54,2025-09-18 11:10:19
s5,47,67,2025-09-18 11:10:20
s4,33,69,2025-09-18 11:10:21
s5,49,49,2025-09-18 11:10:22
s4,58,54,2025-09-18 11:10:23
s3,51,50,2025-09-18 11:10:24
s1,20,78,2025-09-18 11:10:25
s5,49,70,2025-09-18 11:10:26
s2,40,52,2025-09-18 11:10:27
s2,18,85,2025-09-18 11:10:28
s4,45,61,2025-09-18 11:10:29
s5,30,77,2025-09-18 11:10:30
s2,23,58,2025-09-18 11:10:31
s1,59,74,2025-09-18 11:10:32
s1,31,54,2025-09-18 11:10:33
s2,45,61,2025-09-18 11:10:34
s1,51,75,2025-09-18 11:10:35
s2,50,70,2025-09-18 11:10:36
s2,49,65,2025-09-18 11:10:37
s5,50,71,2025-09-18 11:10:38
s5,24,48,2025-09-18 11:10:39
s1,36,68,2025-09-18 11:10:40
s4,25,83,2025-09-18 11:10:41
s5,23,39,2025-09-18 11:10:42
s4,34,46,2025-09-18 11:10:44
s4,32,77,2025-09-18 11:10:45
s1,19,35,2025-09-18 11:10:46
s5,26,45,2025-09-18 11:10:47
s4,41,65,2025-09-18 11:10:48
s5,50,68,2025-09-18 11:10:49
s1,18,43,2025-09-18 11:10:50
s2,21,40,2025-09-18 11:10:51
s1,39,69,2025-09-18 11:10:52
s1,59,80,2025-09-18 11:10:53
s1,48,84,2025-09-18 11:10:54
s2,45,68,2025-09-18 11:10:55
s4,39,55,2025-09-18 11:10:56
s2,21,74,2025-09-18 11:10:57
s2,38,47,2025-09-18 11:10:58
s5,47,57,2025-09-18 11:10:59
s4,47,62,2025-09-18 11:11:00
s3,60,55,2025-09-18 11:11:01
s4,34,83,2025-09-18 11:11:02
s2,51,35,2025-09-18 11:11:03
s2,25,58,2025-09-18 11:11:04
s5,29,55,2025-09-18 11:11:05
s3,31,36,2025-09-18 11:11:06
s5,31,42,2025-09-18 11:11:07
s4,38,55,2025-09-18 11:11:08
s5,18,42,2025-09-18 11:11:09
s4,35,65,2025-09-18 11:11:10
s5,23,74,2025-09-18 11:11:11
s2,32,57,2025-09-18 11:11:12
s2,41,79,2025-09-18 11:11:13
s4,57,78,2025-09-18 11:11:14
s1,53,80,2025-09-18 11:11:15
s3,53,54,2025-09-18 11:11:16
s2,57,58,2025-09-18 11:11:17
s3,33,43,2025-09-18 11:11:18
s2,18,70,2025-09-18 11:11:19
s1,43,46,2025-09-18 11:11:20
s3,37,61,2025-09-18 11:11:21
s5,41,38,2025-09-18 11:11:22
s5,44,58,2025-09-18 11:11:23
s1,30,55,2025-09-18 11:11:24
s1,57,49,2025-09-18 11:11:25
s3,21,72,2025-09-18 11:11:26
s3,52,56,2025-09-18 11:11:27
s2,31,37,2025-09-18 11:11:28
s1,42,78,2025-09-18 11:11:29
s5,49,42,2025-09-18 11:11:30
s3,28,82,2025-09-18 11:11:31
s2,20,69,2025-09-18 11:11:32
s3,56,76,2025-09-18 11:11:33
s2,26,36,2025-09-18 11:11:34
s3,59,69,2025-09-18 11:11:35
s5,29,48,2025-09-18 11:11:36
s1,28,38,2025-09-18 11:11:37
s5,23,84,2025-09-18 11:11:38
s3,58,56,2025-09-18 11:11:39
s2,33,80,2025-09-18 11:11:40
s4,28,55,2025-09-18 11:11:41
s3,36,42,2025-09-18 11:11:42
s4,29,85,2025-09-18 11:11:43
s5,34,43,2025-09-18 11:11:44
s2,29,42,2025-09-18 11:11:45
s4,32,35,2025-09-18 11:11:46
s4,28,80,2025-09-18 11:11:47
s1,51,59,2025-09-18 11:11:48
s2,41,71,2025-09-18 11:11:49
s4,60,51,2025-09-18 11:11:50
s1,24,40,2025-09-18 11:11:51
s2,49,51,2025-09-18 11:11:52
s1,51,81,2025-09-18 11:11:53
s5,46,79,2025-09-18 11:11:54
s5,57,82,2025-09-18 11:11:55
s5,36,37,2025-09-18 11:11:56
s2,36,61,2025-09-18 11:11:57
s5,49,58,2025-09-18 11:11:58
s4,45,68,2025-09-18 11:11:59
s1,38,72,2025-09-18 11:12:00
s2,26,47,2025-09-18 11:12:01
s1,31,85,2025-09-18 11:12:02
s1,36,69,2025-09-18 11:12:03
s4,56,56,2025-09-18 11:12:04
s2,53,69,2025-09-18 11:12:05
s1,47,62,2025-09-18 11:12:06
s1,37,45,2025-09-18 11:12:07
s4,23,54,2025-09-18 11:12:08
s4,22,85,2025-09-18 11:12:09
s3,57,74,2025-09-18 11:12:10
s5,23,40,2025-09-18 11:12:11
s1,50,43,2025-09-18 11:12:12
s1,60,43,2025-09-18 11:12:13
s4,18,49,2025-09-18 11:12:14
s2,52,46,2025-09-18 11:12:15
s2,58,51,2025-09-18 11:12:16
s2,29,84,2025-09-18 11:12:17
s5,26,49,2025-09-18 11:12:18
s2,39,42,2025-09-18 11:12:19
s1,52,73,2025-09-18 11:12:20
s2,57,82,2025-09-18 11:12:21
s1,32,43,2025-09-18 11:12:22
s4,35,48,2025-09-18 11:12:23
s1,19,50,2025-09-18 11:12:24
s1,38,81,2025-09-18 11:12:25
s5,43,57,2025-09-18 11:12:26
s5,20,57,2025-09-18 11:12:27
s2,55,48,2025-09-18 11:12:28
s2,30,59,2025-09-18 11:12:29
s1,31,67,2025-09-18 11:12:31
s4,44,50,2025-09-18 11:12:32
s1,52,67,2025-09-18 11:12:33
s2,47,47,2025-09-18 11:12:34
s3,19,37,2025-09-18 11:12:35
s1,49,83,2025-09-18 11:12:36
s2,18,64,2025-09-18 11:12:37
s4,49,58,2025-09-18 11:12:38
s1,60,36,2025-09-18 11:12:39
s2,52,77,2025-09-18 11:12:40
s2,20,52,2025-09-18 11:12:41
s5,45,41,2025-09-18 11:12:42
s1,38,50,2025-09-18 11:12:43
s4,49,55,2025-09-18 11:12:44
s2,33,36,2025-09-18 11:12:45
s2,18,82,2025-09-18 11:12:46
s5,56,75,2025-09-18 11:12:47
s2,55,60,2025-09-18 11:12:48
s1,60,82,2025-09-18 11:12:49
s1,27,70,2025-09-18 11:12:50
s5,52,37,2025-09-18 11:12:51
s4,55,77,2025-09-18 11:12:52
s4,50,77,2025-09-18 11:12:53
s3,53,61,2025-09-18 11:12:54
s4,60,71,2025-09-18 11:12:55
s4,47,71,2025-09-18 11:12:56
s2,37,45,2025-09-18 11:12:57
s3,32,51,2025-09-18 11:12:58
s4,55,73,2025-09-18 11:12:59
s5,42,78,2025-09-18 11:13:00
s5,27,62,2025-09-18 11:13:01
s5,37,81,2025-09-18 11:13:02
s2,48,70,2025-09-18 11:13:03
s3,53,48,2025-09-18 11:13:04
s3,55,78,2025-09-18 11:13:05
s5,52,63,2025-09-18 11:13:06
s2,59,44,2025-09-18 11:13:07
s2,20,50,2025-09-18 11:13:08
s2,39,39,2025-09-18 11:13:09
s4,30,84,2025-09-18 11:13:10
s2,35,74,2025-09-18 11:13:11
s1,37,47,2025-09-18 11:13:12
s1,56,54,2025-09-18 11:13:13
s1,42,80,2025-09-18 11:13:14
s5,32,51,2025-09-18 11:13:15
s2,50,69,2025-09-18 11:13:16
s5,33,62,2025-09-18 11:13:17
s4,46,54,2025-09-18 11:13:18
s3,52,66,2025-09-18 11:13:19
s4,54,51,2025-09-18 11:13:20
s2,56,57,2025-09-18 11:13:21
s3,39,58,2025-09-18 11:13:22
s2,43,82,2025-09-18 11:13:23
s2,49,66,2025-09-18 11:13:24
s1,46,67,2025-09-18 11:13:25
s5,34,40,2025-09-18 11:13:26
s3,27,56,2025-09-18 11:13:27
s5,37,67,2025-09-18 11:13:28
s5,46,36,2025-09-18 11:13:29
s2,36,54,2025-09-18 11:13:30
s1,23,78,2025-09-18 11:13:31
s4,23,39,2025-09-18 11:13:32
s3,56,38,2025-09-18 11:13:33
s2,40,84,2025-09-18 11:13:34
s5,55,72,2025-09-18 11:13:35
s1,50,83,2025-09-18 11:13:36
s4,57,40,2025-09-18 11:13:37
s5,51,61,2025-09-18 11:13:38
s2,24,36,2025-09-18 11:13:39
s4,49,63,2025-09-18 11:13:40
s2,55,58,2025-09-18 11:13:41
s2,50,44,2025-09-18 11:13:42
s2,44,67,2025-09-18 11:13:43
s4,46,84,2025-09-18 11:13:44
s1,27,56,2025-09-18 11:13:45
s3,54,54,2025-09-18 11:13:46
s4,56,36,2025-09-18 11:13:47
s1,46,49,2025-09-18 11:13:48
s4,39,71,2025-09-18 11:13:49
s5,47,56,2025-09-18 11:13:50
s4,54,55,2025-09-18 11:13:51
s3,58,58,2025-09-18 11:13:52
s1,35,73,2025-09-18 11:13:53
s4,39,47,2025-09-18 11:13:54
s4,37,84,2025-09-18 11:13:55
s5,26,71,2025-09-18 11:13:56
s2,21,66,2025-09-18 11:13:57
s1,35,57,2025-09-18 11:13:58
s3,18,83,2025-09-18 11:13:59
s3,18,61,2025-09-18 11:14:00
s4,26,56,2025-09-18 11:14:01
s1,52,81,2025-09-18 11:14:02
s2,29,82,2025-09-18 11:14:03
s2,55,78,2025-09-18 11:14:04
s2,51,39,2025-09-18 11:14:05
s3,44,49,2025-09-18 11:14:06
s1,19,35,2025-09-18 11:14:07
s3,57,37,2025-09-18 11:14:08
s3,27,69,2025-09-18 11:14:09
s3,20,53,2025-09-18 11:14:10
s5,32,68,2025-09-18 11:14:11
s3,18,70,2025-09-18 11:14:12
s1,55,50,2025-09-18 11:14:13
s2,57,68,2025-09-18 11:14:14
s2,43,39,2025-09-18 11:14:15
s2,21,57,2025-09-18 11:14:16
s4,56,73,2025-09-18 11:14:17
s4,43,77,2025-09-18 11:14:18
s2,25,57,2025-09-18 11:14:19
s4,38,55,2025-09-18 11:14:20
s4,21,45,2025-09-18 11:14:21
s5,54,68,2025-09-18 11:14:22
s1,60,63,2025-09-18 11:14:23
s5,34,73,2025-09-18 11:14:24
s2,36,71,2025-09-18 11:14:25
s3,60,67,2025-09-18 11:14:26
s3,37,69,2025-09-18 11:14:27
s1,35,62,2025-09-18 11:14:28
s4,60,65,2025-09-18 11:14:29
s3,36,43,2025-09-18 11:14:30
s5,55,36,2025-09-18 11:14:31
s5,27,69,2025-09-18 11:14:32
s3,33,45,2025-09-18 11:14:34
s2,37,55,2025-09-18 11:14:35
s2,27,66,2025-09-18 11:14:36
s5,48,60,2025-09-18 11:14:37
s3,60,82,2025-09-18 11:14:38
s2,46,58,2025-09-18 11:14:39
s5,30,38,2025-09-18 11:14:40
s2,59,36,2025-09-18 11:14:41
s2,50,42,2025-09-18 11:14:42
s5,50,77,2025-09-18 11:14:43
s4,59,61,2025-09-18 11:14:44
s5,37,81,2025-09-18 11:14:45
s4,59,57,2025-09-18 11:14:46
s4,52,75,2025-09-18 11:14:47
s5,45,54,2025-09-18 11:14:48
s4,26,68,2025-09-18 11:14:49
s3,48,35,2025-09-18 11:14:50
s4,53,40,2025-09-18 11:14:51
s2,25,79,2025-09-18 11:14:52
s3,34,36,2025-09-18 11:14:53
s1,31,54,2025-09-18 11:14:54
s3,60,43,2025-09-18 11:14:55
s1,36,68,2025-09-18 11:14:56
s1,30,82,2025-09-18 11:14:57
s5,41,74,2025-09-18 11:14:58
s3,53,76,2025-09-18 11:14:59
s4,32,63,2025-09-18 11:15:00
s2,28,42,2025-09-18 11:15:01
s2,47,46,2025-09-18 11:15:02
s2,55,78,2025-09-18 11:15:03
s3,31,83,2025-09-18 11:15:04
s1,31,52,2025-09-18 11:15:05
s3,45,48,2025-09-18 11:15:06
s4,32,45,2025-09-18 11:15:07
s2,33,77,2025-09-18 11:15:08
s5,57,72,2025-09-18 11:15:09
s1,57,35,2025-09-18 11:15:10
s3,32,85,2025-09-18 11:15:11
s2,22,68,2025-09-18 11:15:12
s3,45,68,2025-09-18 11:15:13
s4,45,82,2025-09-18 11:15:14
s3,18,50,2025-09-18 11:15:15
s1,34,44,2025-09-18 11:15:16
s3,59,68,2025-09-18 11:15:17
s5,50,45,2025-09-18 11:15:18
s1,25,72,2025-09-18 11:15:19
s1,36,71,2025-09-18 11:15:20
s1,23,82,2025-09-18 11:15:21
s4,30,78,2025-09-18 11:15:22
s1,56,35,2025-09-18 11:15:23
s3,32,64,2025-09-18 11:15:24
s2,24,43,2025-09-18 11:15:25
s2,59,85,2025-09-18 11:15:26
s4,18,54,2025-09-18 11:15:27
s2,43,41,2025-09-18 11:15:28
s5,23,61,2025-09-18 11:15:29
s5,38,45,2025-09-18 11:15:30
s5,55,45,2025-09-18 11:15:31
s3,59,60,2025-09-18 11:15:32
s3,51,42,2025-09-18 11:15:33
s1,52,49,2025-09-18 11:15:34
s4,40,61,2025-09-18 11:15:35
s5,30,85,2025-09-18 11:15:36
s4,19,67,2025-09-18 11:15:37
s1,30,63,2025-09-18 11:15:38
s5,46,37,2025-09-18 11:15:39
s1,38,67,2025-09-18 11:15:40
s5,19,85,2025-09-18 11:15:41
s5,35,47,2025-09-18 11:15:42
s1,58,68,2025-09-18 11:15:43
s3,24,53,2025-09-18 11:15:44
s3,39,81,2025-09-18 11:15:45
s2,35,48,2025-09-18 11:15:46
s2,47,48,2025-09-18 11:15:47
s3,22,57,2025-09-18 11:15:48
s4,55,78,2025-09-18 11:15:49
s2,55,71,2025-09-18 11:15:50
s3,25,77,2025-09-18 11:15:51
s5,30,51,2025-09-18 11:15:52
s3,25,71,2025-09-18 11:15:53
s5,55,68,2025-09-18 11:15:54
s1,50,52,2025-09-18 11:15:55
s2,36,79,2025-09-18 11:15:56
s2,53,67,2025-09-18 11:15:57
s1,58,41,2025-09-18 11:15:58
s1,19,58,2025-09-18 11:15:59
s4,45,35,2025-09-18 11:16:00
s3,49,40,2025-09-18 11:16:01
s1,19,58,2025-09-18 11:16:02
s1,49,42,2025-09-18 11:16:03
s5,34,72,2025-09-18 11:16:04
s4,39,81,2025-09-18 11:16:05
s1,18,64,2025-09-18 11:16:06
s3,40,56,2025-09-18 11:16:07
s2,34,45,2025-09-18 11:16:08
s5,18,39,2025-09-18 11:16:09
s4,53,37,2025-09-18 11:16:10
s2,24,81,2025-09-18 11:16:11
s5,54,71,2025-09-18 11:16:12
s2,34,71,2025-09-18 11:16:13
s1,28,41,2025-09-18 11:16:14
s3,31,67,2025-09-18 11:16:15
s1,52,60,2025-09-18 11:16:16
s3,31,71,2025-09-18 11:16:17
s1,55,41,2025-09-18 11:16:18
s2,43,79,2025-09-18 11:16:19
s1,46,84,2025-09-18 11:16:20
s3,35,50,2025-09-18 11:16:21
s2,54,51,2025-09-18 11:16:22
s1,54,66,2025-09-18 11:16:23
s4,43,79,2025-09-18 11:16:24
s1,53,82,2025-09-18 11:16:25
s1,20,81,2025-09-18 11:16:26
s2,48,85,2025-09-18 11:16:27
s3,28,76,2025-09-18 11:16:28
s2,21,37,2025-09-18 11:16:29
s3,33,47,2025-09-18 11:16:30
s5,30,76,2025-09-18 11:16:31
s5,41,52,2025-09-18 11:16:32
s2,29,68,2025-09-18 11:16:33
s1,49,72,2025-09-18 11:16:34
s3,60,37,2025-09-18 11:16:35
s4,38,72,2025-09-18 11:16:37
s2,33,59,2025-09-18 11:16:38
s4,41,58,2025-09-18 11:16:39
s5,41,43,2025-09-18 11:16:40
s3,53,77,2025-09-18 11:16:41
s2,57,71,2025-09-18 11:16:42
s3,32,48,2025-09-18 11:16:43
s2,50,46,2025-09-18 11:16:44
s1,20,53,2025-09-18 11:16:45
s3,51,36,2025-09-18 11:16:46
s5,20,71,2025-09-18 11:16:47
s1,27,76,2025-09-18 11:16:48
s5,24,41,2025-09-18 11:16:49
s3,40,80,2025-09-18 11:16:50
s5,26,38,2025-09-18 11:16:51
s3,60,46,2025-09-18 11:16:52
s2,47,52,2025-09-18 11:16:53
s3,35,62,2025-09-18 11:16:54
s4,21,39,2025-09-18 11:16:55
s4,42,41,2025-09-18 11:16:56
s5,23,47,2025-09-18 11:16:57
s3,53,61,2025-09-18 11:16:58
s4,60,57,2025-09-18 11:16:59
s1,53,59,2025-09-18 11:17:00
s3,42,39,2025-09-18 11:17:01
s5,25,68,2025-09-18 11:17:02
s5,49,48,2025-09-18 11:17:03
s2,19,69,2025-09-18 11:17:04
s1,52,36,2025-09-18 11:17:05
s3,21,77,2025-09-18 11:17:06
s5,39,78,2025-09-18 11:17:07
s1,43,67,2025-09-18 11:17:08
s1,23,62,2025-09-18 11:17:09
s1,18,43,2025-09-18 11:17:10
s1,52,52,2025-09-18 11:17:11
s4,20,85,2025-09-18 11:17:12
s2,53,76,2025-09-18 11:17:13
s3,28,52,2025-09-18 11:17:14
s1,41,40,2025-09-18 11:17:15
s4,52,80,2025-09-18 11:17:16
s4,32,51,2025-09-18 11:17:17
s1,21,44,2025-09-18 11:17:18
s5,34,67,2025-09-18 11:17:19
s5,28,48,2025-09-18 11:17:20
s3,52,53,2025-09-18 11:17:21
s2,33,55,2025-09-18 11:17:22
s1,22,83,2025-09-18 11:17:23
s3,24,63,2025-09-18 11:17:24
s3,25,85,2025-09-18 11:17:25
s5,46,60,2025-09-18 11:17:26
s5,30,84,2025-09-18 11:17:27
s3,56,46,2025-09-18 11:17:28
s4,38,71,2025-09-18 11:17:29
s1,49,38,2025-09-18 11:17:30
s5,54,70,2025-09-18 11:17:31
s3,51,81,2025-09-18 11:17:32
s2,23,78,2025-09-18 11:17:33
s4,18,60,2025-09-18 11:17:34
s3,28,46,2025-09-18 11:17:35
s4,42,82,2025-09-18 11:17:36
s4,47,55,2025-09-18 11:17:37
s2,18,35,2025-09-18 11:17:38
s2,30,54,2025-09-18 11:17:39
s3,49,36,2025-09-18 11:17:40
s2,50,78,2025-09-18 11:17:41
s3,43,64,2025-09-18 11:17:42
s2,18,38,2025-09-18 11:17:43
s1,31,77,2025-09-18 11:17:44
s2,58,42,2025-09-18 11:17:45
s5,43,51,2025-09-18 11:17:46
s4,46,70,2025-09-18 11:17:47
s1,53,83,2025-09-18 11:17:48
s1,40,54,2025-09-18 11:17:49
s1,41,79,2025-09-18 11:17:50
s3,41,48,2025-09-18 11:17:51
s5,59,71,2025-09-18 11:17:52
s2,60,78,2025-09-18 11:17:53
s2,28,45,2025-09-18 11:17:54
s5,27,80,2025-09-18 11:17:55
s1,24,39,2025-09-18 11:17:56
s2,56,84,2025-09-18 11:17:57
s3,23,46,2025-09-18 11:17:58
s2,60,43,2025-09-18 11:17:59
s3,38,55,2025-09-18 11:18:00
s2,18,73,2025-09-18 11:18:01
s2,23,63,2025-09-18 11:18:02
s5,39,50,2025-09-18 11:18:03
s5,51,68,2025-09-18 11:18:04
s1,55,42,2025-09-18 11:18:05
s2,48,45,2025-09-18 11:18:06
s2,54,82,2025-09-18 11:18:07
s3,48,78,2025-09-18 11:18:08
s3,31,48,2025-09-18 11:18:09
s1,20,74,2025-09-18 11:18:10
s4,50,40,2025-09-18 11:18:11
s5,22,60,2025-09-18 11:18:12
s1,57,78,2025-09-18 11:18:13
s2,31,76,2025-09-18 11:18:14
s2,41,56,2025-09-18 11:18:15
s5,29,52,2025-09-18 11:18:16
s3,49,75,2025-09-18 11:18:17
s2,43,61,2025-09-18 11:18:18
s5,24,60,2025-09-18 11:18:19
s4,24,59,2025-09-18 11:18:20
s2,29,39,2025-09-18 11:18:21
s1,30,42,2025-09-18 11:18:22
s1,19,71,2025-09-18 11:18:23
s5,37,37,2025-09-18 11:18:24
s2,38,67,2025-09-18 11:18:25
s5,28,49,2025-09-18 11:18:26
s1,54,39,2025-09-18 11:18:27
s2,59,58,2025-09-18 11:18:28
s4,57,79,2025-09-18 11:18:29
s5,47,72,2025-09-18 11:18:30
s4,50,47,2025-09-18 11:18:32
s5,20,74,2025-09-18 11:18:33
s5,29,46,2025-09-18 11:18:34
s5,20,42,2025-09-18 11:18:35
s4,39,36,2025-09-18 11:18:36
s1,55,50,2025-09-18 11:18:37
s2,36,58,2025-09-18 11:18:38
s1,51,54,2025-09-18 11:18:39
s1,22,52,2025-09-18 11:18:40
s5,51,55,2025-09-18 11:18:41
s4,53,47,2025-09-18 11:18:42
s2,22,76,2025-09-18 11:18:43
s3,35,76,2025-09-18 11:18:44
s3,39,35,2025-09-18 11:18:45
s3,43,78,2025-09-18 11:18:46
s5,43,53,2025-09-18 11:18:47
s4,60,58,2025-09-18 11:18:48
s2,42,63,2025-09-18 11:18:49
s3,48,59,2025-09-18 11:18:50
s3,51,50,2025-09-18 11:18:51
s5,59,41,2025-09-18 11:18:52
s3,33,78,2025-09-18 11:18:53
s4,22,54,2025-09-18 11:18:54
s3,46,62,2025-09-18 11:18:55
s2,24,68,2025-09-18 11:18:56
s2,27,62,2025-09-18 11:18:57
s5,50,73,2025-09-18 11:18:58
s1,60,49,2025-09-18 11:18:59
s3,44,35,2025-09-18 11:19:00
s5,54,35,2025-09-18 11:19:01
s2,55,69,2025-09-18 11:19:02
s1,23,47,2025-09-18 11:19:03
s1,27,67,2025-09-18 11:19:04
s5,59,80,2025-09-18 11:19:05
s4,25,50,2025-09-18 11:19:06
s4,20,82,2025-09-18 11:19:07
s3,27,40,2025-09-18 11:19:08
s1,49,45,2025-09-18 11:19:09
s2,22,71,2025-09-18 11:19:10
s2,34,49,2025-09-18 11:19:11
s1,58,43,2025-09-18 11:19:12
s4,58,59,2025-09-18 11:19:13
s3,47,38,2025-09-18 11:19:14
s5,53,66,2025-09-18 11:19:15
s5,54,38,2025-09-18 11:19:16
s5,26,43,2025-09-18 11:19:17
s2,56,52,2025-09-18 11:19:18
s5,38,38,2025-09-18 11:19:19
s1,41,84,2025-09-18 11:19:20
s2,56,75,2025-09-18 11:19:21
s5,47,78,2025-09-18 11:19:22
s3,18,62,2025-09-18 11:19:23
s1,49,62,2025-09-18 11:19:24
s5,51,68,2025-09-18 11:19:25
s4,46,49,2025-09-18 11:19:26
s1,25,71,2025-09-18 11:19:27
s3,49,83,2025-09-18 11:19:28
s2,42,84,2025-09-18 11:19:29
s3,28,79,2025-09-18 11:19:30
s1,50,85,2025-09-18 11:19:31
s5,18,40,2025-09-18 11:19:32
s5,55,49,2025-09-18 11:19:33
s2,52,40,2025-09-18 11:19:34
s4,43,60,2025-09-18 11:19:35
s1,40,66,2025-09-18 11:19:36
s5,35,78,2025-09-18 11:19:37
s4,57,59,2025-09-18 11:19:38
s3,52,60,2025-09-18 11:19:39
s4,51,81,2025-09-18 11:19:40
s5,57,70,2025-09-18 11:19:41
s4,23,56,2025-09-18 11:19:42
s4,30,74,2025-09-18 11:19:43
s4,59,81,2025-09-18 11:19:44
s4,58,37,2025-09-18 11:19:45
s2,34,77,2025-09-18 11:19:46
s3,21,45,2025-09-18 11:19:47
s3,55,78,2025-09-18 11:19:48
s1,42,54,2025-09-18 11:19:49
s1,59,83,2025-09-18 11:19:50
s3,35,58,2025-09-18 11:19:51
s3,45,60,2025-09-18 11:19:52
s4,53,79,2025-09-18 11:19:53
s1,42,81,2025-09-18 11:19:54
s2,41,67,2025-09-18 11:19:55
s3,28,47,2025-09-18 11:19:56
s4,47,35,2025-09-18 11:19:57
s2,51,47,2025-09-18 11:19:58
s5,55,61,2025-09-18 11:19:59
s5,60,59,2025-09-18 11:20:00
s1,18,74,2025-09-18 11:20:01
s4,32,37,2025-09-18 11:20:02
s5,56,41,2025-09-18 11:20:03
s2,48,66,2025-09-18 11:20:04
s1,37,47,2025-09-18 11:20:05
s2,19,63,2025-09-18 11:20:06
s1,29,40,2025-09-18 11:20:07
s2,23,50,2025-09-18 11:20:08
s4,53,44,2025-09-18 11:20:09
s3,45,50,2025-09-18 11:20:10
s2,57,68,2025-09-18 11:20:11
s2,27,68,2025-09-18 11:20:12
s2,56,58,2025-09-18 11:20:13
s5,18,38,2025-09-18 11:20:14
s1,49,59,2025-09-18 11:20:15
s2,48,57,2025-09-18 11:20:16
s1,31,61,2025-09-18 11:20:17
s5,18,57,2025-09-18 11:20:18
s1,23,53,2025-09-18 11:20:19
s1,40,45,2025-09-18 11:20:20
s3,24,64,2025-09-18 11:20:21
s5,40,63,2025-09-18 11:20:22
s4,24,78,2025-09-18 11:20:23
s4,56,50,2025-09-18 11:20:24
s5,45,45,2025-09-18 11:20:25
s1,22,51,2025-09-18 11:20:26
s5,49,62,2025-09-18 11:20:27
s4,47,77,2025-09-18 11:20:28
s3,34,47,2025-09-18 11:20:29
s1,21,63,2025-09-18 11:20:30
s4,20,70,2025-09-18 11:20:31
s2,44,41,2025-09-18 11:20:32
s5,42,52,2025-09-18 11:20:33
s3,42,49,2025-09-18 11:20:34
s4,32,52,2025-09-18 11:20:35
s5,51,71,2025-09-18 11:20:36
s4,37,50,2025-09-18 11:20:37
s3,59,44,2025-09-18 11:20:38
s1,27,53,2025-09-18 11:20:40
s4,36,59,2025-09-18 11:20:41
s4,56,82,2025-09-18 11:20:42
s2,49,78,2025-09-18 11:20:43
s4,33,73,2025-09-18 11:20:44
s2,22,44,2025-09-18 11:20:45
s5,59,53,2025-09-18 11:20:46
s2,29,56,2025-09-18 11:20:47
s1,54,37,2025-09-18 11:20:48
s4,33,37,2025-09-18 11:20:49
s2,36,61,2025-09-18 11:20:50
s3,25,65,2025-09-18 11:20:51
s5,41,76,2025-09-18 11:20:52
s4,29,67,2025-09-18 11:20:53
s2,43,37,2025-09-18 11:20:54
s4,43,76,2025-09-18 11:20:55
s4,26,47,2025-09-18 11:20:56
s2,46,43,2025-09-18 11:20:57
s1,51,46,2025-09-18 11:20:58
s2,30,37,2025-09-18 11:20:59
s1,21,66,2025-09-18 11:21:00
s4,33,49,2025-09-18 11:21:01
s2,23,57,2025-09-18 11:21:02
s1,51,65,2025-09-18 11:21:03
s5,60,85,2025-09-18 11:21:04
s4,41,57,2025-09-18 11:21:05
s3,59,53,2025-09-18 11:21:06
s3,41,61,2025-09-18 11:21:07
s4,25,50,2025-09-18 11:21:08
s2,34,50,2025-09-18 11:21:09
s2,57,65,2025-09-18 11:21:10
s5,55,55,2025-09-18 11:21:11
s3,56,54,2025-09-18 11:21:12
s5,33,82,2025-09-18 11:21:13
s1,42,43,2025-09-18 11:21:14
s2,53,66,2025-09-18 11:21:15
s3,26,84,2025-09-18 11:21:16
s1,45,84,2025-09-18 11:21:17
s4,29,82,2025-09-18 11:21:18
s2,60,81,2025-09-18 11:21:19
s2,40,46,2025-09-18 11:21:20
s1,43,41,2025-09-18 11:21:21
s2,32,71,2025-09-18 11:21:22
s5,43,59,2025-09-18 11:21:23
s1,34,45,2025-09-18 11:21:24
s4,25,41,2025-09-18 11:21:25
s2,50,36,2025-09-18 11:21:26
s2,48,59,2025-09-18 11:21:27
s3,51,43,2025-09-18 11:21:28
s3,24,55,2025-09-18 11:21:29
s5,43,75,2025-09-18 11:21:30
s2,41,65,2025-09-18 11:21:31
s1,22,69,2025-09-18 11:21:32
s2,40,71,2025-09-18 11:21:33
s4,30,52,2025-09-18 11:21:34
s2,53,40,2025-09-18 11:21:35
s3,39,69,2025-09-18 11:21:36
s1,31,44,2025-09-18 11:21:37
s1,56,56,2025-09-18 11:21:38
s3,18,70,2025-09-18 11:21:39
s3,19,43,2025-09-18 11:21:40
s2,53,81,2025-09-18 11:21:41
s3,31,50,2025-09-18 11:21:42
s5,33,49,2025-09-18 11:21:43
s4,30,75,2025-09-18 11:21:44
s3,49,41,2025-09-18 11:21:45
s5,23,77,2025-09-18 11:21:46
s5,19,66,2025-09-18 11:21:47
s4,51,53,2025-09-18 11:21:48
s3,57,53,2025-09-18 11:21:49
s5,30,59,2025-09-18 11:21:50
s1,60,39,2025-09-18 11:21:51
s5,37,35,2025-09-18 11:21:52
s5,44,67,2025-09-18 11:21:53
s4,57,77,2025-09-18 11:21:54
s4,55,57,2025-09-18 11:21:55
s3,50,40,2025-09-18 11:21:56
s2,19,63,2025-09-18 11:21:57
s1,23,84,2025-09-18 11:21:58
s5,35,43,2025-09-18 11:21:59
s5,19,71,2025-09-18 11:22:00
s4,25,58,2025-09-18 11:22:01
s1,54,85,2025-09-18 11:22:02
s2,36,84,2025-09-18 11:22:03
s3,39,39,2025-09-18 11:22:04
s5,34,58,2025-09-18 11:22:05
s5,47,49,2025-09-18 11:22:06
s4,46,44,2025-09-18 11:22:07
s2,54,45,2025-09-18 11:22:08
s3,20,70,2025-09-18 11:28:46
s2,51,60,2025-09-18 11:28:47
s4,46,38,2025-09-18 11:28:48
s2,30,76,2025-09-18 11:28:49
s1,46,60,2025-09-18 11:28:50
s5,31,71,2025-09-18 11:28:51
s1,41,59,2025-09-18 11:28:52
s3,23,76,2025-09-18 11:28:53
s2,56,39,2025-09-18 11:28:54
s2,28,36,2025-09-18 11:28:55
s5,41,40,2025-09-18 11:28:56
s2,58,48,2025-09-18 11:28:57
s4,22,79,2025-09-18 11:28:58
s5,26,82,2025-09-18 11:28:59
s2,56,55,2025-09-18 11:29:00
s5,20,78,2025-09-18 11:29:01
s1,23,38,2025-09-18 11:29:02
s1,49,76,2025-09-18 11:29:03
s4,45,66,2025-09-18 11:29:04
s3,27,85,2025-09-18 11:29:05
s1,53,57,2025-09-18 11:29:06
s5,30,79,2025-09-18 11:29:07
s1,48,37,2025-09-18 11:29:08
s5,28,72,2025-09-18 11:29:09
s3,23,83,2025-09-18 11:29:10
s3,35,83,2025-09-18 11:29:11
s4,20,61,2025-09-18 11:29:12
s3,28,36,2025-09-18 11:29:13
s4,47,65,2025-09-18 11:29:14
s3,55,71,2025-09-18 11:29:15
s4,36,73,2025-09-18 11:29:16
s5,59,45,2025-09-18 11:29:17
s3,35,85,2025-09-18 11:29:18
s2,60,41,2025-09-18 11:29:19
s2,20,53,2025-09-18 11:29:20
s5,34,85,2025-09-18 11:29:21
s3,37,47,2025-09-18 11:29:22
s4,21,38,2025-09-18 11:29:23
s3,28,52,2025-09-18 11:29:24
s1,34,67,2025-09-18 11:29:25
s2,43,83,2025-09-18 11:29:26
s2,37,72,2025-09-18 11:29:27
s4,54,45,2025-09-18 11:29:28
s3,33,53,2025-09-18 11:29:29
s5,51,42,2025-09-18 11:29:30
s5,25,80,2025-09-18 11:29:31
s1,39,59,2025-09-18 11:29:32
s5,23,79,2025-09-18 11:29:33
s3,49,52,2025-09-18 11:29:34
s2,52,65,2025-09-18 11:29:35
s2,46,53,2025-09-18 11:29:36
s3,36,80,2025-09-18 11:29:37
s2,52,53,2025-09-18 11:29:38
s1,58,52,2025-09-18 11:29:39
s4,43,61,2025-09-18 11:29:40
s1,25,61,2025-09-18 11:29:41
s1,53,73,2025-09-18 11:29:42
s5,27,73,2025-09-18 11:29:43
s2,31,77,2025-09-18 11:29:44
s5,44,47,2025-09-18 11:29:45
s2,58,67,2025-09-18 11:29:46
s4,38,55,2025-09-18 11:29:47
s1,34,74,2025-09-18 11:29:48
s5,44,72,2025-09-18 11:29:50
s3,19,69,2025-09-18 11:29:51
s4,30,59,2025-09-18 11:29:52
s5,43,75,2025-09-18 11:29:53
s1,26,52,2025-09-18 11:29:54
s5,37,53,2025-09-18 11:29:55
s1,25,39,2025-09-18 11:29:56
s5,48,45,2025-09-18 11:29:57
s2,33,71,2025-09-18 11:29:58
s1,59,55,2025-09-18 11:29:59
s1,47,73,2025-09-18 11:30:00
s3,45,35,2025-09-18 11:30:01
s4,35,49,2025-09-18 11:30:02
s5,55,71,2025-09-18 11:30:03
s5,28,64,2025-09-18 11:30:04
s2,39,68,2025-09-18 11:30:05
s1,22,38,2025-09-18 11:30:06
s3,20,50,2025-09-18 11:30:07
s4,27,51,2025-09-18 11:30:08
s4,39,78,2025-09-18 11:30:09
s1,26,84,2025-09-18 11:30:10
s3,23,80,2025-09-18 11:30:11
s1,55,46,2025-09-18 11:30:12
s5,54,52,2025-09-18 11:30:13
s5,27,35,2025-09-18 11:30:14
s3,48,40,2025-09-18 11:30:15
s2,19,65,2025-09-18 11:30:16
s5,38,36,2025-09-18 11:30:17
s5,60,80,2025-09-18 11:30:18
s1,20,78,2025-09-18 11:30:19
s4,36,63,2025-09-18 11:30:20
s1,18,78,2025-09-18 11:30:21
s1,21,69,2025-09-18 11:30:22
s2,34,70,2025-09-18 11:30:23
s1,30,61,2025-09-18 11:30:24
s1,56,77,2025-09-18 11:30:25
s2,43,64,2025-09-18 11:30:26
s2,31,50,2025-09-18 11:30:27
s4,42,67,2025-09-18 11:30:28
s4,41,52,2025-09-18 11:30:29
s3,50,55,2025-09-18 11:30:30
s4,46,77,2025-09-18 11:30:31
s2,18,61,2025-09-18 11:30:32
s2,47,61,2025-09-18 11:30:33
s5,49,66,2025-09-18 11:30:34
s1,57,51,2025-09-18 11:30:35
s3,36,56,2025-09-18 11:30:36
s5,19,49,2025-09-18 11:30:37
s5,48,84,2025-09-18 11:30:38
s5,20,85,2025-09-18 11:30:39
s1,36,39,2025-09-18 11:30:40
s3,24,52,2025-09-18 11:30:41
s4,27,36,2025-09-18 11:30:42
s1,60,70,2025-09-18 11:30:43
s1,58,76,2025-09-18 11:30:44
s1,35,76,2025-09-18 11:30:45
s5,28,52,2025-09-18 11:30:46
s1,39,67,2025-09-18 11:30:47
s3,18,47,2025-09-18 11:30:48
s2,38,57,2025-09-18 11:30:49
s1,19,67,2025-09-18 11:30:50
s5,40,79,2025-09-18 11:30:51
s5,60,80,2025-09-18 11:30:52
s1,35,80,2025-09-18 11:30:53
s5,30,43,2025-09-18 11:30:54
s3,27,59,2025-09-18 11:30:55
s2,31,79,2025-09-18 11:30:56
s5,52,44,2025-09-18 11:30:57
s4,35,73,2025-09-18 11:30:58
s3,45,73,2025-09-18 11:30:59
s3,29,85,2025-09-18 11:31:00
s4,39,64,2025-09-18 11:31:01
s2,50,54,2025-09-18 11:31:02
s4,54,57,2025-09-18 11:31:03
s2,35,81,2025-09-18 11:31:04
s3,38,57,2025-09-18 11:31:05
s5,27,38,2025-09-18 11:31:06
s3,39,56,2025-09-18 11:31:07
s1,53,48,2025-09-18 11:31:08
s5,28,57,2025-09-18 11:31:09
s5,48,64,2025-09-18 11:31:10
s2,54,52,2025-09-18 11:31:11
s3,42,52,2025-09-18 11:31:12
s2,18,50,2025-09-18 11:31:13
s5,55,44,2025-09-18 11:31:14
s4,42,35,2025-09-18 11:31:15
s2,32,60,2025-09-18 11:31:16
s1,46,70,2025-09-18 11:31:17
s2,39,67,2025-09-18 11:31:18
s4,52,56,2025-09-18 11:31:19
s3,50,80,2025-09-18 11:31:20
s2,28,37,2025-09-18 11:31:21
s3,46,46,2025-09-18 11:31:22
s3,29,71,2025-09-18 11:31:23
s1,57,78,2025-09-18 11:31:24
s1,32,70,2025-09-18 11:31:25
s5,37,53,2025-09-18 11:31:26
s4,27,36,2025-09-18 11:31:27
s1,50,61,2025-09-18 11:31:28
s5,19,50,2025-09-18 11:31:29
s5,21,82,2025-09-18 11:31:30
s5,48,61,2025-09-18 11:31:31
s4,38,61,2025-09-18 11:31:32
s4,58,35,2025-09-18 11:31:33
s2,18,76,2025-09-18 11:31:34
s3,30,81,2025-09-18 11:31:35
s4,58,55,2025-09-18 11:31:36
s3,45,67,2025-09-18 11:31:37
s2,22,76,2025-09-18 11:31:38
s5,39,44,2025-09-18 11:31:39
s3,26,45,2025-09-18 11:31:40
s2,21,62,2025-09-18 11:31:41
s1,20,81,2025-09-18 11:31:42
s4,38,85,2025-09-18 11:31:43
s5,32,38,2025-09-18 11:31:44
s2,56,40,2025-09-18 11:31:45
s3,48,84,2025-09-18 11:31:46
s4,46,84,2025-09-18 11:31:47
s5,39,57,2025-09-18 11:31:48
s3,57,39,2025-09-18 11:31:49
s3,40,70,2025-09-18 11:31:51
s2,44,64,2025-09-18 11:31:52
s3,26,35,2025-09-18 11:31:53
s1,28,43,2025-09-18 11:31:54
s4,29,68,2025-09-18 11:31:55
s4,29,57,2025-09-18 11:31:56
s2,40,85,2025-09-18 11:31:57
s2,50,64,2025-09-18 11:31:58
s3,42,67,2025-09-18 11:31:59
s4,37,68,2025-09-18 11:32:00
s2,47,38,2025-09-18 11:32:01
s4,37,78,2025-09-18 11:32:02
s3,50,65,2025-09-18 11:32:03
s2,37,71,2025-09-18 11:32:04
s5,58,66,2025-09-18 11:32:05
s1,22,83,2025-09-18 11:32:06
s1,56,41,2025-09-18 11:32:07
s2,32,48,2025-09-18 11:32:08
s5,60,82,2025-09-18 11:32:09
s4,55,81,2025-09-18 11:32:10
s1,57,72,2025-09-18 11:32:11
s2,25,38,2025-09-18 11:32:12
s5,35,44,2025-09-18 11:32:13
s4,25,57,2025-09-18 11:32:14
s5,31,72,2025-09-18 11:32:15
s5,35,83,2025-09-18 11:32:16
s3,37,52,2025-09-18 22:02:48
s1,30,54,2025-09-18 22:02:49
s5,55,71,2025-09-18 22:02:50
s2,34,45,2025-09-18 22:02:51
s2,58,77,2025-09-18 22:02:52
s5,33,71,2025-09-18 22:02:53
s1,22,73,2025-09-18 22:02:54
s3,32,51,2025-09-18 22:02:55
s3,46,46,2025-09-18 22:02:57
s4,26,42,2025-09-18 22:02:58
s2,48,50,2025-09-18 22:02:59
s4,30,58,2025-09-18 22:03:00
s1,58,77,2025-09-18 22:03:01
s3,23,35,2025-09-18 22:03:02
s4,41,49,2025-09-18 22:03:03
s1,49,78,2025-09-18 22:03:04
s3,18,50,2025-09-18 22:03:05
s2,26,38,2025-09-18 22:03:06
s4,24,66,2025-09-18 22:03:07
s4,55,74,2025-09-18 22:03:08
s4,50,54,2025-09-18 22:03:09
s2,42,38,2025-09-18 22:03:10
s4,33,45,2025-09-18 22:03:11
s2,30,70,2025-09-18 22:03:12
s1,38,41,2025-09-18 22:03:13
s2,42,50,2025-09-18 22:03:14
s1,59,75,2025-09-18 22:03:15
s3,20,40,2025-09-18 22:03:16
s2,58,64,2025-09-18 22:03:17
s2,37,79,2025-09-18 22:03:18
s4,30,40,2025-09-18 22:03:19
s1,47,53,2025-09-18 22:03:20
s4,53,42,2025-09-18 22:03:21
s5,31,59,2025-09-18 22:03:22
s3,37,69,2025-09-18 22:03:23
s1,20,36,2025-09-18 22:03:24
s1,43,52,2025-09-18 22:03:25
s1,28,56,2025-09-18 22:03:26
s3,37,42,2025-09-18 22:03:27
s3,40,56,2025-09-18 22:03:28
s5,20,77,2025-09-18 22:03:29
s4,50,80,2025-09-18 22:03:30
s5,20,48,2025-09-18 22:03:31
s2,18,73,2025-09-18 22:03:32
s5,45,62,2025-09-18 22:03:33
s4,46,55,2025-09-18 22:03:34
s2,20,79,2025-09-18 22:03:35
s2,35,56,2025-09-18 22:03:36
s2,18,84,2025-09-18 22:03:37
s3,48,41,2025-09-18 22:03:38
s3,52,63,2025-09-18 22:03:39
s2,23,80,2025-09-18 22:03:40
s5,35,71,2025-09-18 22:03:41
s5,52,77,2025-09-18 22:03:42
s2,31,47,2025-09-18 22:03:43
s3,22,59,2025-09-18 22:03:44
s5,24,77,2025-09-18 22:03:45
s4,46,67,2025-09-18 22:03:46
s3,55,81,2025-09-18 22:03:47
s3,24,39,2025-09-18 22:03:48
s1,31,47,2025-09-18 22:03:49
s2,35,40,2025-09-18 22:03:50
s4,21,35,2025-09-18 22:06:36
s5,39,40,2025-09-18 22:06:37
s4,47,65,2025-09-18 22:06:38
s4,32,80,2025-09-18 22:06:39
s2,21,80,2025-09-18 22:06:40
s2,39,65,2025-09-18 22:06:41
s5,21,74,2025-09-18 22:06:42
s5,47,50,2025-09-18 22:06:43
s1,37,84,2025-09-18 22:06:44
s1,27,74,2025-09-18 22:06:45
s5,19,66,2025-09-18 22:06:46
s1,43,79,2025-09-18 22:06:47
s4,18,71,2025-09-18 22:06:48
s3,42,45,2025-09-18 22:06:49
s5,56,84,2025-09-18 22:06:50
s3,47,65,2025-09-18 22:06:51
s5,51,66,2025-09-18 22:06:52
s2,29,72,2025-09-18 22:06:53
s3,52,83,2025-09-18 22:06:54
s3,39,37,2025-09-18 22:06:55
s4,25,44,2025-09-18 22:06:56
s3,35,53,2025-09-18 22:06:57
s4,21,74,2025-09-18 22:06:58
s4,21,38,2025-09-18 22:06:59
s2,34,79,2025-09-18 22:07:00
s4,20,85,2025-09-18 22:07:01
s5,58,78,2025-09-18 22:07:02
s1,52,51,2025-09-18 22:07:04
s1,31,54,2025-09-18 22:07:05
s3,47,40,2025-09-18 22:07:06
s2,36,37,2025-09-18 22:07:07
s3,59,42,2025-09-18 22:07:08
s3,30,65,2025-09-18 22:07:09
s5,18,70,2025-09-18 22:07:10
s5,38,82,2025-09-18 22:07:11
s2,40,61,2025-09-19 09:59:41
s3,20,49,2025-09-19 09:59:42
s2,43,66,2025-09-19 09:59:43
s3,53,60,2025-09-19 09:59:44
s2,50,61,2025-09-19 09:59:46
s4,24,48,2025-09-19 09:59:47
s3,51,54,2025-09-19 09:59:48
s5,36,85,2025-09-19 09:59:49
s3,48,55,2025-09-19 09:59:50
s5,57,85,2025-09-19 09:59:51
s4,47,49,2025-09-19 09:59:52
s2,36,40,2025-09-19 09:59:53
s3,38,50,2025-09-19 09:59:54
s5,33,59,2025-09-19 09:59:55
s1,42,43,2025-09-19 09:59:56
s5,33,82,2025-09-19 09:59:57
s4,27,85,2025-09-19 09:59:58
s5,55,59,2025-09-19 09:59:59
s3,56,68,2025-09-19 10:00:00
s4,36,66,2025-09-19 10:00:01
s5,50,61,2025-09-19 10:00:02
s1,24,76,2025-09-19 10:00:03
s3,53,76,2025-09-19 10:00:04
s4,25,73,2025-09-19 10:00:05
s2,44,84,2025-09-19 10:00:06
s1,40,76,2025-09-19 10:00:07
s3,51,85,2025-09-19 10:00:08
s2,21,72,2025-09-19 10:00:09
s4,33,71,2025-09-19 10:00:10
s2,31,62,2025-09-19 10:00:11
s5,46,84,2025-09-19 10:00:12
s1,51,61,2025-09-19 10:00:13
s2,31,85,2025-09-19 10:00:14
s4,35,78,2025-09-19 10:00:15
s2,56,53,2025-09-19 10:00:16
s4,46,54,2025-09-19 10:00:17
s5,32,40,2025-09-19 10:00:18
s5,23,81,2025-09-19 10:00:19
s5,33,74,2025-09-19 10:00:20
s5,26,85,2025-09-19 10:00:21
s4,27,68,2025-09-19 10:00:22
s4,29,48,2025-09-19 10:00:23
s4,53,59,2025-09-19 10:00:24
s2,34,50,2025-09-19 10:00:25
s1,26,85,2025-09-19 10:00:26
s5,30,49,2025-09-19 10:00:27
s4,44,72,2025-09-19 10:00:28
s2,24,75,2025-09-19 10:00:29
s2,52,75,2025-09-19 10:00:30
s2,27,48,2025-09-19 10:00:31
s1,22,85,2025-09-19 10:00:32
s3,28,45,2025-09-19 10:00:33
s3,60,71,2025-09-19 10:00:34
s3,22,74,2025-09-19 10:00:35
s2,41,81,2025-09-19 10:00:36
s3,43,79,2025-09-19 10:00:37
s3,35,41,2025-09-19 10:00:38
s2,44,40,2025-09-19 10:00:39
s1,50,48,2025-09-19 10:00:40
s1,31,63,2025-09-19 10:00:41
s5,25,48,2025-09-19 10:00:42
s3,54,55,2025-09-19 10:00:43
s1,42,49,2025-09-19 10:00:44
s1,26,45,2025-09-19 10:00:45
s1,41,42,2025-09-19 10:00:46
s4,45,36,2025-09-19 10:00:47
s1,36,45,2025-09-19 10:00:48
s4,41,74,2025-09-19 10:00:49
s5,55,48,2025-09-19 10:00:50
s5,50,40,2025-09-19 10:00:51
s1,50,66,2025-09-19 10:00:52
s5,37,43,2025-09-19 10:00:53
s1,31,59,2025-09-19 10:00:54
s4,22,81,2025-09-19 10:00:55
s3,42,85,2025-09-19 10:00:56
s3,28,38,2025-09-19 10:00:57
s2,21,45,2025-09-19 10:00:58
s5,34,68,2025-09-19 10:00:59
s2,45,82,2025-09-19 10:01:00
s2,44,48,2025-09-19 10:01:01
s2,44,85,2025-09-19 10:01:02
s5,46,63,2025-09-19 10:01:03
s2,23,59,2025-09-19 10:01:04
s3,42,51,2025-09-19 10:01:05
s1,46,46,2025-09-19 10:01:06
s4,28,62,2025-09-19 10:01:07
s4,42,57,2025-09-19 10:01:08
s5,37,58,2025-09-19 10:01:09
s1,34,36,2025-09-19 10:01:10
s2,44,45,2025-09-19 10:01:11
s4,30,67,2025-09-19 10:01:12
s4,44,81,2025-09-19 10:01:13
s3,50,60,2025-09-19 10:01:14
s5,36,60,2025-09-19 10:01:15
s3,59,40,2025-09-19 10:01:16
s5,28,64,2025-09-19 10:01:17
s2,50,35,2025-09-19 10:01:18
s2,60,60,2025-09-19 10:01:19
s1,37,65,2025-09-19 10:01:20
s2,41,81,2025-09-19 10:01:21
s4,24,84,2025-09-19 10:01:22
s1,19,44,2025-09-19 10:01:23
s4,48,75,2025-09-19 10:01:24
s1,39,69,2025-09-19 10:01:25
s2,33,51,2025-09-19 10:01:26
s5,18,66,2025-09-19 10:01:27
s3,30,62,2025-09-19 10:01:28
s4,21,40,2025-09-19 10:01:29
s1,58,79,2025-09-19 10:01:30
s3,55,84,2025-09-19 10:01:31
s2,22,72,2025-09-19 10:01:32
s5,57,64,2025-09-19 10:01:33
s1,58,53,2025-09-19 10:01:34
s1,36,59,2025-09-19 10:01:35
s3,27,85,2025-09-19 10:01:36
s3,19,42,2025-09-19 10:01:37
s1,21,63,2025-09-19 10:01:38
s1,18,36,2025-09-19 10:01:39
s4,24,75,2025-09-19 10:01:40
s1,18,75,2025-09-19 10:01:41
s2,19,35,2025-09-19 10:01:42
s3,56,41,2025-09-19 10:01:43
s1,55,51,2025-09-19 10:01:45
s5,48,66,2025-09-19 10:01:46
s4,55,63,2025-09-19 10:01:47
s5,34,39,2025-09-19 10:01:48
s5,31,42,2025-09-19 10:01:49
s5,41,50,2025-09-19 10:01:50
s2,51,67,2025-09-19 10:01:51
s1,34,47,2025-09-19 10:01:52
s2,20,44,2025-09-19 10:01:53
s1,44,45,2025-09-19 10:01:54
s3,57,45,2025-09-19 10:01:55
s1,22,66,2025-09-19 10:01:56
s1,23,37,2025-09-19 10:01:57
s4,44,84,2025-09-19 10:01:58
s4,52,76,2025-09-19 10:01:59
s1,31,39,2025-09-19 10:02:00
s1,20,58,2025-09-19 10:02:01
s3,37,44,2025-09-19 10:02:02
s5,31,64,2025-09-19 10:02:03
s4,57,59,2025-09-19 10:02:04
s5,20,76,2025-09-19 10:02:05
s4,35,45,2025-09-19 10:02:06
s2,19,64,2025-09-19 10:02:07
s5,40,42,2025-09-19 10:02:08
s1,32,45,2025-09-19 10:02:09
s2,36,69,2025-09-19 10:02:10
s1,44,57,2025-09-19 10:02:11
s3,53,53,2025-09-19 10:02:12
s1,19,49,2025-09-19 10:02:13
s2,30,45,2025-09-19 10:02:14
s1,52,50,2025-09-19 10:02:15
s2,21,36,2025-09-19 10:02:16
s3,51,68,2025-09-19 10:02:17
s4,22,73,2025-09-19 10:02:18
s1,21,85,2025-09-19 10:02:19
s5,47,47,2025-09-19 10:02:20
s1,40,67,2025-09-19 10:02:21
s2,30,64,2025-09-19 10:02:22
s5,38,45,2025-09-19 10:02:23
s2,56,35,2025-09-19 10:02:24
s5,37,43,2025-09-19 10:02:25
s5,23,60,2025-09-19 10:02:26
s5,18,51,2025-09-19 10:02:27
s2,36,62,2025-09-19 10:02:28
s1,20,44,2025-09-19 10:02:29
s4,44,66,2025-09-19 10:02:30
s3,58,50,2025-09-19 10:02:31
s1,19,62,2025-09-19 10:02:32
s1,49,35,2025-09-19 10:02:33
s1,58,84,2025-09-19 10:02:34
s5,58,60,2025-09-19 10:02:35
s1,34,57,2025-09-19 10:02:36
s2,55,75,2025-09-19 10:02:37
s4,58,85,2025-09-19 10:02:38
s1,52,42,2025-09-19 10:02:39
s3,57,82,2025-09-19 10:02:40
s1,42,42,2025-09-19 10:02:41
s4,52,54,2025-09-19 10:02:42
s2,57,85,2025-09-19 10:02:43
s1,46,45,2025-09-19 10:02:44
s5,41,56,2025-09-19 10:02:45
s2,38,83,2025-09-19 10:02:46
s4,20,77,2025-09-19 10:02:47
s5,33,68,2025-09-19 10:02:48
s2,40,74,2025-09-19 10:02:49
s5,42,68,2025-09-19 10:02:50
s3,55,50,2025-09-19 10:02:51
s5,47,77,2025-09-19 10:02:52
s4,56,51,2025-09-19 10:02:53
s5,43,39,2025-09-19 10:02:54
s5,59,79,2025-09-19 10:02:55
s4,53,55,2025-09-19 10:02:56
s5,22,67,2025-09-19 10:02:57
s5,56,69,2025-09-19 10:02:58
s4,32,73,2025-09-19 10:02:59
s2,37,65,2025-09-19 10:03:00
s2,51,80,2025-09-19 10:03:01
s3,51,48,2025-09-19 10:03:02
s1,23,54,2025-09-19 10:03:03
s3,35,46,2025-09-19 10:03:04
s3,60,84,2025-09-19 10:03:05
s2,22,76,2025-09-19 10:03:06
s3,38,38,2025-09-19 10:03:07
s1,49,40,2025-09-19 10:03:08
s5,33,58,2025-09-19 10:03:09
s1,39,67,2025-09-19 10:03:10
s4,46,69,2025-09-19 10:03:11
s1,46,52,2025-09-19 10:03:12
s5,41,79,2025-09-19 10:03:13
s5,22,44,2025-09-19 10:03:14
s4,55,81,2025-09-19 10:03:15
s5,37,37,2025-09-19 10:03:16
s3,29,59,2025-09-19 10:03:17
s4,42,79,2025-09-19 10:03:18
s3,22,69,2025-09-19 10:03:19
s1,49,66,2025-09-19 10:03:20
s4,48,67,2025-09-19 10:03:21
s5,47,76,2025-09-19 10:03:22
s1,60,82,2025-09-19 10:03:23
s1,41,48,2025-09-19 10:03:24
s1,22,71,2025-09-19 10:03:25
s1,51,71,2025-09-19 10:03:26
s2,46,39,2025-09-19 10:03:27
s1,53,67,2025-09-19 10:03:28
s3,27,40,2025-09-19 10:03:29
s5,21,75,2025-09-19 10:03:30
s1,29,43,2025-09-19 10:03:31
s2,41,72,2025-09-19 10:03:32
s2,55,54,2025-09-19 10:03:34
s1,59,77,2025-09-19 10:03:35
s4,31,43,2025-09-19 10:03:36
s3,49,36,2025-09-19 10:03:37
s1,35,65,2025-09-19 10:03:38
s5,21,52,2025-09-19 10:03:39
s4,44,61,2025-09-19 10:03:40
s1,51,60,2025-09-19 10:03:41
s2,56,75,2025-09-19 10:03:42
s4,56,44,2025-09-19 10:03:43
s2,21,54,2025-09-19 10:03:44
s1,55,56,2025-09-19 10:03:45
s2,33,70,2025-09-19 10:03:46
s2,27,40,2025-09-19 10:03:47
s4,60,56,2025-09-19 10:03:48
s1,20,57,2025-09-19 10:03:49
s2,31,50,2025-09-19 10:03:50
s5,44,39,2025-09-19 10:03:51
s2,26,59,2025-09-19 10:03:52
s5,32,69,2025-09-19 10:03:53
s4,21,45,2025-09-19 10:03:54
s3,19,79,2025-09-19 10:03:55
s1,54,65,2025-09-19 10:03:56
s1,54,40,2025-09-19 10:03:57
s4,18,75,2025-09-19 10:03:58
s4,50,57,2025-09-19 10:03:59
s2,46,67,2025-09-19 10:04:00
s2,20,66,2025-09-19 10:04:01
s4,43,60,2025-09-19 11:06:55
s1,41,54,2025-09-19 11:06:56
s2,33,58,2025-09-19 11:06:57
s3,33,52,2025-09-19 11:06:58
s5,34,47,2025-09-19 11:06:59
s5,43,61,2025-09-19 11:07:00
s5,35,76,2025-09-19 11:07:01
s5,42,55,2025-09-19 11:07:02
s4,29,77,2025-09-19 11:07:03
s4,42,42,2025-09-19 11:07:04
s5,47,46,2025-09-19 11:07:05
s2,42,46,2025-09-19 11:07:06
s4,24,45,2025-09-19 11:07:07
s5,45,44,2025-09-19 11:07:08
s1,39,75,2025-09-19 11:07:09
s3,47,39,2025-09-19 11:07:10
s2,31,84,2025-09-19 11:07:11
s1,32,73,2025-09-19 11:07:12
s3,19,62,2025-09-19 11:07:13
s2,38,46,2025-09-19 11:07:14
s2,47,83,2025-09-19 11:07:15
s1,49,67,2025-09-19 11:07:16
s4,47,78,2025-09-19 11:07:17
s3,38,47,2025-09-19 11:07:18
s3,31,54,2025-09-19 11:07:19
s2,58,80,2025-09-19 11:07:20
s1,46,48,2025-09-19 11:07:21
s5,34,80,2025-09-19 11:07:22
s5,28,47,2025-09-19 11:07:23
s5,47,85,2025-09-19 11:07:24
s1,50,75,2025-09-19 11:07:25
s4,45,83,2025-09-19 11:07:26
s2,30,77,2025-09-19 11:07:27
s4,41,63,2025-09-19 11:07:28
s4,25,76,2025-09-19 11:07:29
s5,51,61,2025-09-19 11:07:30
s5,58,38,2025-09-19 11:07:31
s1,21,79,2025-09-19 11:07:32
s1,29,52,2025-09-19 11:07:33
s3,29,62,2025-09-19 11:07:34
s1,37,62,2025-09-19 11:07:35
s4,49,46,2025-09-19 11:07:36
s1,20,85,2025-09-19 11:07:37
s5,41,82,2025-09-19 11:07:38
s2,43,75,2025-09-19 11:07:39
s4,19,44,2025-09-19 11:07:40
s3,42,81,2025-09-19 11:07:41
s3,38,56,2025-09-19 11:07:42
s5,18,48,2025-09-19 11:07:43
s1,18,82,2025-09-19 11:07:44
s5,45,55,2025-09-19 11:07:45
s1,57,53,2025-09-19 11:07:46
s2,52,47,2025-09-19 11:07:47
s4,30,73,2025-09-19 11:07:48
s3,55,67,2025-09-19 11:07:49
s2,54,51,2025-09-19 11:07:50
s2,30,43,2025-09-19 11:07:51
s2,26,59,2025-09-19 11:07:52
s1,48,83,2025-09-19 11:07:53
s3,43,44,2025-09-19 11:07:54
s5,31,70,2025-09-19 11:07:55
s4,21,60,2025-09-19 11:07:56
s2,29,36,2025-09-19 11:07:57
s5,39,53,2025-09-19 11:07:58
s2,50,71,2025-09-19 11:07:59
s1,25,61,2025-09-19 11:08:00
s5,50,58,2025-09-19 11:08:01
s3,30,61,2025-09-19 13:32:09
s1,23,73,2025-09-19 13:32:10
s5,47,70,2025-09-19 13:32:11
s2,54,36,2025-09-19 13:32:12
s4,22,62,2025-09-19 13:32:13
s3,35,62,2025-09-19 13:32:14
s3,22,69,2025-09-19 13:32:15
s3,25,40,2025-09-19 13:32:16
s5,44,46,2025-09-19 13:32:17
s1,18,43,2025-09-19 13:32:18
s4,45,61,2025-09-19 13:32:19
s4,50,51,2025-09-19 13:32:20
s1,22,48,2025-09-19 13:32:21
s4,31,44,2025-09-19 13:32:22
s3,39,57,2025-09-19 13:32:23
s2,54,83,2025-09-19 13:32:24
s1,59,85,2025-09-19 13:32:25
s2,55,41,2025-09-19 13:32:26
s5,57,36,2025-09-19 13:32:27
s2,18,45,2025-09-19 13:32:28
s4,33,84,2025-09-19 13:32:29
s5,32,47,2025-09-19 13:32:30
s4,30,83,2025-09-19 13:32:31
s5,51,59,2025-09-19 13:32:32
s3,52,47,2025-09-19 13:32:33
s2,43,75,2025-09-19 13:32:34
s4,47,41,2025-09-19 13:32:35
s5,28,60,2025-09-19 13:32:36
s4,45,79,2025-09-19 13:32:37
s5,35,40,2025-09-19 13:32:38
s2,39,36,2025-09-19 13:32:39
s1,60,63,2025-09-19 13:32:40
s4,30,42,2025-09-19 13:32:41
s4,41,49,2025-09-19 13:32:42
s3,34,56,2025-09-19 13:32:43
s4,43,70,2025-09-19 13:32:44
s1,29,58,2025-09-19 13:32:45
s2,53,47,2025-09-19 13:32:46
s2,59,53,2025-09-19 13:32:47
s5,31,38,2025-09-19 13:32:48
s5,51,85,2025-09-19 13:32:49
s5,44,47,2025-09-19 13:32:50
s5,29,50,2025-09-19 13:32:51
s2,41,44,2025-09-19 13:32:52
s5,49,74,2025-09-19 13:32:53
s5,38,80,2025-09-19 13:32:54
s3,57,76,2025-09-19 13:32:55
s2,47,63,2025-09-19 13:32:56
s2,20,54,2025-09-19 13:32:57
s2,56,48,2025-09-19 13:32:58
s3,60,73,2025-09-19 13:32:59
s4,48,47,2025-09-19 13:33:00
s4,19,43,2025-09-19 13:33:01
s3,37,75,2025-09-19 13:33:02
s1,45,71,2025-09-19 13:33:03
s5,53,77,2025-09-19 13:33:04
s1,38,74,2025-09-19 13:33:05
s2,26,76,2025-09-19 13:33:06
s5,39,38,2025-09-19 13:33:07
s2,33,70,2025-09-19 13:33:08
s5,26,68,2025-09-19 13:33:09
s3,34,62,2025-09-19 13:33:10
s2,34,69,2025-09-19 13:33:11
s3,52,46,2025-09-19 13:33:12
s5,54,70,2025-09-19 13:33:13
s1,28,73,2025-09-19 13:33:14
s2,28,68,2025-09-19 13:33:15
s5,23,45,2025-09-19 13:33:16
s1,48,77,2025-09-19 13:33:17
s3,42,55,2025-09-19 13:33:19
s3,33,67,2025-09-19 13:33:20
s5,37,57,2025-09-19 13:33:21
s1,45,72,2025-09-19 13:33:22
s1,37,73,2025-09-19 13:33:23
s1,44,57,2025-09-19 13:33:24
s1,36,45,2025-09-19 13:33:25
s2,46,56,2025-09-19 13:33:26
s5,48,61,2025-09-19 13:33:27
s4,50,37,2025-09-19 13:33:28
s1,43,73,2025-09-19 13:33:29
s5,40,53,2025-09-19 13:33:30
s1,57,68,2025-09-19 13:33:31
s1,22,60,2025-09-19 13:33:32
s4,27,75,2025-09-19 13:33:33
s2,34,78,2025-09-19 13:33:34
s3,49,50,2025-09-19 13:33:35
s4,58,51,2025-09-19 13:33:36
s4,44,85,2025-09-19 13:33:37
s1,46,85,2025-09-19 13:33:38
s2,28,49,2025-09-19 13:33:39
s2,46,71,2025-09-19 13:33:40
s3,18,61,2025-09-19 13:33:41
s2,44,70,2025-09-19 13:33:42
s2,49,51,2025-09-19 13:33:43
s1,43,66,2025-09-19 13:33:44
s4,26,85,2025-09-19 13:33:45
s5,25,45,2025-09-19 20:41:24
s4,57,61,2025-09-19 20:41:25
s2,19,49,2025-09-19 20:41:26
s3,29,59,2025-09-19 20:41:27
s3,26,59,2025-09-19 20:41:28
s1,31,82,2025-09-19 20:41:29
s4,53,81,2025-09-19 20:41:30
s2,50,37,2025-09-19 20:41:31
s2,36,75,2025-09-19 20:41:32
s1,45,68,2025-09-19 20:41:33
s4,47,58,2025-09-19 20:41:34
s1,53,39,2025-09-19 20:41:35
s1,39,48,2025-09-19 20:41:36
s4,40,46,2025-09-19 20:41:37
s2,48,80,2025-09-19 20:41:38
s2,25,74,2025-09-19 20:41:39
s2,21,80,2025-09-19 20:41:40
s5,40,84,2025-09-19 20:41:41
s5,19,69,2025-09-19 20:41:42
s1,21,59,2025-09-19 20:41:43
s4,32,71,2025-09-19 20:41:44
s5,51,42,2025-09-19 20:41:45
s5,60,63,2025-09-19 20:41:46
s1,27,85,2025-09-19 20:41:47
s5,19,75,2025-09-19 20:41:48
s3,41,72,2025-09-19 20:41:49
s3,22,83,2025-09-19 20:41:50
s5,21,43,2025-09-19 20:41:51
s5,21,62,2025-09-19 20:41:52
s2,31,40,2025-09-19 20:41:53
s4,59,48,2025-09-19 20:41:54
s2,47,49,2025-09-19 20:41:55
s2,40,36,2025-09-19 20:41:56
s5,48,40,2025-09-19 20:41:57
s4,46,74,2025-09-19 20:41:58
s4,59,82,2025-09-19 20:41:59
s1,59,43,2025-09-19 20:42:00
s5,42,55,2025-09-19 20:42:01
s4,59,62,2025-09-19 20:42:02
s1,53,59,2025-09-19 20:42:03
s1,41,57,2025-09-19 20:42:04
s1,54,49,2025-09-19 20:42:05
s3,35,67,2025-09-19 20:42:06
